Team,year,G,MP,FG,FGA,FG%,3P,3PA,3P%,2P,2PA,2P%,FT,FTA,FT%,ORB,DRB,TRB,AST,STL,BLK,TOV,PF,PTS,finaly-16,final-8,final-4,final-2,champion,win
Los Angeles Lakers,1998,77,18630,2944,6156,0.478,471,1341,0.351,2473,4815,0.514,1761,2589,0.68,1010,2298,3308,1886,704,525,1150,1755,8120,Y,Y,Y,N,N,57
Seattle SuperSonics,1998,78,18795,2899,6128,0.473,592,1485,0.399,2307,4643,0.497,1466,2023,0.725,872,2125,2997,1897,754,367,1061,1714,7856,Y,Y,N,N,N,59
Utah Jazz,1998,77,18580,2797,5724,0.489,231,627,0.368,2566,5097,0.503,1926,2493,0.773,899,2265,3164,1935,606,387,1144,1839,7751,Y,Y,Y,Y,N,59
Minnesota Timberwolves,1998,77,18730,2959,6432,0.46,266,797,0.334,2693,5635,0.478,1567,2123,0.738,1007,2300,3307,1935,587,398,1043,1774,7751,Y,N,N,N,N,42
Houston Rockets,1998,78,18870,2807,6198,0.453,543,1575,0.345,2264,4623,0.49,1565,2029,0.771,946,2240,3186,1705,652,279,1186,1578,7722,Y,N,N,N,N,40
Phoenix Suns,1998,77,18755,2930,6312,0.464,394,1132,0.348,2536,5180,0.49,1360,1821,0.747,949,2315,3264,1966,702,404,1123,1661,7614,Y,N,N,N,N,53
New Jersey Nets,1998,76,18440,2803,6405,0.438,297,885,0.336,2506,5520,0.454,1609,2175,0.74,1246,1989,3235,1563,715,301,1040,1771,7512,Y,N,N,N,N,42
Washington Wizards,1998,77,18605,2888,6432,0.449,295,877,0.336,2593,5555,0.467,1403,2018,0.695,1080,2188,3268,1781,649,349,1037,1719,7474,N,N,N,N,N,38
Chicago Bulls,1998,77,18655,2894,6408,0.452,286,882,0.324,2608,5526,0.472,1388,1867,0.743,1185,2309,3494,1844,650,334,1037,1582,7462,Y,Y,Y,Y,Y,60
Charlotte Hornets,1998,77,18580,2770,5936,0.467,322,851,0.378,2448,5085,0.481,1567,2086,0.751,928,2209,3137,1810,655,294,1132,1653,7429,Y,Y,N,N,N,48
Los Angeles Clippers,1998,78,18820,2795,6359,0.44,504,1389,0.363,2291,4970,0.461,1430,1983,0.721,994,2159,3153,1452,594,437,1192,1745,7524,N,N,N,N,N,16
Boston Celtics,1998,77,18530,2831,6502,0.435,392,1182,0.332,2439,5320,0.458,1355,1855,0.73,1118,1922,3040,1704,937,348,1199,2074,7409,N,N,N,N,N,35
Vancouver Grizzlies,1998,76,18340,2776,6079,0.457,304,842,0.361,2472,5237,0.472,1449,1974,0.734,997,2155,3152,1826,555,326,1260,1698,7305,N,N,N,N,N,18
Atlanta Hawks,1998,77,18680,2711,5973,0.454,311,945,0.329,2400,5028,0.477,1649,2175,0.758,1032,2285,3317,1475,605,471,1093,1582,7382,Y,N,N,N,N,47
Indiana Pacers,1998,77,18630,2738,5851,0.468,379,970,0.391,2359,4881,0.483,1531,2008,0.762,827,2220,3047,1768,601,339,1039,1759,7386,Y,Y,Y,N,N,55
Miami Heat,1998,78,18795,2723,6028,0.452,528,1479,0.357,2195,4549,0.483,1466,1981,0.74,976,2294,3270,1678,642,416,1108,1878,7440,Y,N,N,N,N,55
Toronto Raptors,1998,77,18730,2802,6410,0.437,348,1026,0.339,2454,5384,0.456,1369,1909,0.717,1111,2001,3112,1658,732,606,1241,1744,7321,N,N,N,N,N,15
Portland Trail Blazers,1998,77,18605,2705,5992,0.451,302,978,0.309,2403,5014,0.479,1552,2118,0.733,1021,2370,3391,1642,541,439,1259,1762,7264,Y,N,N,N,N,44
Detroit Pistons,1998,78,18995,2719,6064,0.448,270,876,0.308,2449,5188,0.472,1631,2178,0.749,984,2229,3213,1509,644,321,1072,1723,7339,N,N,N,N,N,35
Milwaukee Bucks,1998,77,18730,2723,5993,0.454,224,631,0.355,2499,5362,0.466,1551,2017,0.769,968,2105,3073,1528,687,343,1247,1808,7221,N,N,N,N,N,35
Sacramento Kings,1998,78,18745,2817,6368,0.442,271,772,0.351,2546,5596,0.455,1395,2014,0.693,1046,2178,3224,1753,570,399,1155,1730,7300,N,N,N,N,N,27
Philadelphia 76ers,1998,78,18795,2693,6091,0.442,235,781,0.301,2458,5310,0.463,1654,2244,0.737,1063,2182,3245,1643,694,461,1222,1783,7275,N,N,N,N,N,30
San Antonio Spurs,1998,78,18870,2761,5879,0.47,284,803,0.354,2477,5076,0.488,1411,2042,0.691,935,2520,3455,1746,493,546,1224,1647,7217,Y,Y,N,N,N,53
Cleveland Cavaliers,1998,77,18630,2652,5853,0.453,281,752,0.374,2371,5101,0.465,1539,2041,0.754,899,2182,3081,1776,766,388,1273,1821,7124,Y,N,N,N,N,45
Dallas Mavericks,1998,78,18945,2733,6406,0.427,408,1139,0.358,2325,5267,0.441,1249,1666,0.75,953,2173,3126,1443,617,441,1061,1563,7123,N,N,N,N,N,20
New York Knicks,1998,78,18870,2707,6070,0.446,369,1096,0.337,2338,4974,0.47,1326,1722,0.77,926,2310,3236,1695,606,270,1151,1841,7109,Y,Y,N,N,N,42
Orlando Magic,1998,78,18870,2637,6173,0.427,282,869,0.325,2355,5304,0.444,1457,2004,0.727,1132,2091,3223,1613,618,423,1153,1538,7013,N,N,N,N,N,39
Denver Nuggets,1998,77,18530,2514,6031,0.417,260,812,0.32,2254,5219,0.432,1563,2029,0.77,989,2010,2999,1447,622,376,1145,1844,6851,N,N,N,N,N,10
Golden State Warriors,1998,77,18630,2665,6474,0.412,175,651,0.269,2490,5823,0.428,1259,1780,0.707,1220,2320,3540,1589,578,428,1244,1759,6764,N,N,N,N,N,16
Sacramento Kings,2000,76,18315,3040,6766,0.449,494,1545,0.32,2546,5221,0.488,1404,1853,0.758,992,2438,3430,1819,730,351,1192,1592,7978,Y,N,N,N,N,43
Detroit Pistons,2000,77,18630,2861,6260,0.457,411,1157,0.355,2450,5103,0.48,1865,2387,0.781,860,2318,3178,1603,624,259,1167,1885,7998,Y,N,N,N,N,41
Indiana Pacers,2000,77,18530,2854,6243,0.457,548,1406,0.39,2306,4837,0.477,1553,1910,0.813,797,2450,3247,1744,527,398,1047,1676,7809,Y,Y,Y,Y,N,52
Milwaukee Bucks,2000,77,18605,2986,6422,0.465,371,1007,0.368,2615,5415,0.483,1435,1817,0.79,957,2195,3152,1742,633,348,1106,1897,7778,Y,N,N,N,N,39
Dallas Mavericks,2000,76,18290,2948,6535,0.451,476,1206,0.395,2472,5329,0.464,1294,1620,0.799,857,2263,3120,1684,546,380,1019,1641,7666,N,N,N,N,N,36
Orlando Magic,2000,77,18555,3000,6604,0.454,276,808,0.342,2724,5796,0.47,1470,2009,0.732,1072,2389,3461,1612,693,439,1327,1863,7746,N,N,N,N,N,39
Los Angeles Lakers,2000,78,18820,2968,6479,0.458,327,982,0.333,2641,5497,0.48,1582,2270,0.697,1045,2613,3658,1817,584,515,1034,1751,7845,Y,Y,Y,Y,Y,65
Houston Rockets,2000,77,18630,2812,6272,0.448,537,1523,0.353,2275,4749,0.479,1470,2006,0.733,953,2428,3381,1663,581,408,1275,1563,7631,N,N,N,N,N,32
Boston Celtics,2000,77,18530,2855,6465,0.442,384,1158,0.332,2471,5307,0.466,1523,2035,0.748,1039,2262,3301,1626,735,273,1150,2091,7617,N,N,N,N,N,32
Phoenix Suns,2000,76,18340,2864,6284,0.456,415,1137,0.365,2449,5147,0.476,1360,1790,0.76,951,2362,3313,1945,691,412,1225,1814,7503,Y,Y,N,N,N,51
Denver Nuggets,2000,77,18605,2865,6484,0.442,434,1285,0.338,2431,5199,0.468,1437,1989,0.722,1017,2428,3445,1787,511,570,1163,1832,7601,N,N,N,N,N,31
Minnesota Timberwolves,2000,77,18655,3030,6466,0.469,226,650,0.348,2804,5816,0.482,1303,1668,0.781,930,2319,3249,2073,582,422,1037,1805,7589,Y,N,N,N,N,48
Seattle SuperSonics,2000,77,18555,2886,6460,0.447,513,1512,0.339,2373,4948,0.48,1281,1843,0.695,963,2335,3298,1756,606,319,1064,1664,7566,Y,N,N,N,N,43
Charlotte Hornets,2000,77,18555,2741,6136,0.447,314,941,0.334,2427,5195,0.467,1757,2328,0.755,841,2467,3308,1888,692,454,1104,1579,7553,Y,N,N,N,N,45
Toronto Raptors,2000,77,18555,2821,6460,0.437,400,1080,0.37,2421,5380,0.45,1509,1965,0.768,1039,2298,3337,1853,626,511,1031,1872,7551,N,N,N,N,N,43
New Jersey Nets,2000,77,18555,2790,6437,0.433,459,1316,0.349,2331,5121,0.455,1510,1925,0.784,978,2169,3147,1578,674,376,995,1803,7549,N,N,N,N,N,31
Portland Trail Blazers,2000,77,18580,2830,6031,0.469,385,1062,0.363,2445,4969,0.492,1459,1921,0.76,898,2400,3298,1801,598,378,1129,1768,7504,Y,Y,Y,N,N,56
Cleveland Cavaliers,2000,77,18655,2780,6295,0.442,319,854,0.374,2461,5441,0.452,1565,2087,0.75,941,2344,3285,1804,674,342,1318,2086,7444,N,N,N,N,N,30
Utah Jazz,2000,77,18530,2783,5979,0.465,313,806,0.388,2470,5173,0.477,1555,2017,0.771,859,2276,3135,1920,588,412,1072,1894,7434,Y,Y,N,N,N,53
Washington Wizards,2000,77,18580,2829,6263,0.452,296,815,0.363,2533,5448,0.465,1472,1985,0.742,994,2305,3299,1657,556,365,1194,2010,7426,N,N,N,N,N,28
San Antonio Spurs,2000,77,18605,2773,5995,0.463,311,841,0.37,2462,5154,0.478,1545,2061,0.75,863,2510,3373,1706,568,521,1120,1604,7402,Y,N,N,N,N,50
Golden State Warriors,2000,77,18555,2813,6715,0.419,331,1022,0.324,2482,5693,0.436,1380,1987,0.695,1232,2300,3532,1738,675,336,1185,1923,7337,N,N,N,N,N,19
Miami Heat,2000,77,18630,2804,6090,0.46,428,1138,0.376,2376,4952,0.48,1264,1716,0.737,866,2477,3343,1819,544,501,1115,1831,7300,Y,Y,N,N,N,50
Philadelphia 76ers,2000,77,18630,2809,6390,0.44,199,613,0.325,2610,5777,0.452,1474,2072,0.711,1080,2325,3405,1695,738,370,1178,1843,7291,Y,Y,N,N,N,46
Atlanta Hawks,2000,77,18580,2810,6374,0.441,240,762,0.315,2570,5612,0.458,1389,1869,0.743,1083,2415,3498,1439,457,434,1141,1601,7249,N,N,N,N,N,26
Vancouver Grizzlies,2000,76,18340,2671,5945,0.449,297,826,0.36,2374,5119,0.464,1461,1902,0.768,935,2147,3082,1580,573,325,1240,1754,7100,N,N,N,N,N,21
New York Knicks,2000,77,18605,2733,5997,0.456,337,892,0.378,2396,5105,0.469,1309,1660,0.789,742,2375,3117,1487,485,324,1078,1879,7112,Y,Y,Y,N,N,49
Los Angeles Clippers,2000,76,18240,2661,6240,0.426,385,1162,0.331,2276,5078,0.448,1242,1670,0.744,876,2219,3095,1363,525,467,1176,1684,6949,N,N,N,N,N,14
Chicago Bulls,2000,76,18365,2365,5759,0.411,307,932,0.329,2058,4827,0.426,1357,1923,0.706,962,2167,3129,1514,604,358,1334,1770,6394,N,N,N,N,N,17
Sacramento Kings,2001,78,19120,2981,6624,0.45,459,1288,0.356,2522,5336,0.473,1529,1982,0.771,940,2562,3502,1758,749,417,1111,1519,7950,Y,Y,N,N,N,54
Milwaukee Bucks,2001,79,19060,2991,6544,0.457,540,1431,0.377,2451,5113,0.479,1436,1824,0.787,933,2405,3338,1772,647,367,1035,1863,7958,Y,Y,Y,N,N,50
Los Angeles Lakers,2001,80,19425,3036,6522,0.466,426,1236,0.345,2610,5286,0.494,1540,2265,0.68,1053,2513,3566,1845,552,477,1112,1822,8038,Y,Y,Y,Y,Y,54
Dallas Mavericks,2001,78,18820,2923,6374,0.459,493,1292,0.382,2430,5082,0.478,1462,1839,0.795,789,2426,3215,1639,590,456,1030,1813,7801,Y,Y,N,N,N,49
Toronto Raptors,2001,78,18970,2899,6603,0.439,415,1112,0.373,2484,5491,0.452,1422,1899,0.749,1059,2409,3468,1896,566,495,997,1672,7635,Y,Y,N,N,N,44
Orlando Magic,2001,78,18995,2872,6563,0.438,464,1270,0.365,2408,5293,0.455,1404,1962,0.716,1030,2339,3369,1730,635,454,1152,1968,7612,Y,N,N,N,N,42
Minnesota Timberwolves,2001,78,18870,2993,6518,0.459,307,854,0.359,2686,5664,0.474,1290,1642,0.786,952,2358,3310,1990,649,444,1058,1810,7583,Y,N,N,N,N,46
Seattle SuperSonics,2001,79,19060,2908,6389,0.455,441,1122,0.393,2467,5267,0.468,1417,1932,0.733,966,2323,3289,1729,636,395,1168,1669,7674,N,N,N,N,N,43
Utah Jazz,2001,78,18820,2814,5996,0.469,316,812,0.389,2498,5184,0.482,1631,2166,0.753,894,2274,3168,2009,638,454,1183,2003,7575,Y,N,N,N,N,51
Houston Rockets,2001,79,19110,2826,6268,0.451,478,1352,0.354,2348,4916,0.478,1519,2004,0.758,891,2416,3307,1545,571,351,1085,1610,7649,N,N,N,N,N,42
San Antonio Spurs,2001,79,19110,2779,6017,0.462,422,1033,0.409,2357,4984,0.473,1629,2281,0.714,861,2615,3476,1701,551,553,1058,1509,7609,Y,Y,Y,N,N,56
Denver Nuggets,2001,78,18820,2822,6498,0.434,475,1352,0.351,2347,5146,0.456,1395,1889,0.738,966,2461,3427,1868,517,516,1035,1734,7514,N,N,N,N,N,38
Detroit Pistons,2001,78,18845,2776,6521,0.426,379,1053,0.36,2397,5468,0.438,1507,2101,0.717,1053,2482,3535,1550,578,428,1206,1856,7438,N,N,N,N,N,31
Portland Trail Blazers,2001,79,19060,2887,6163,0.468,349,1006,0.347,2538,5157,0.492,1405,1843,0.762,921,2401,3322,1900,653,411,1183,1680,7528,Y,Y,Y,Y,Y,50
Philadelphia 76ers,2001,79,19110,2794,6238,0.448,250,768,0.326,2544,5470,0.465,1639,2199,0.745,1032,2503,3535,1621,667,400,1189,1601,7477,Y,Y,Y,Y,N,54
Boston Celtics,2001,79,19085,2672,6245,0.428,559,1543,0.362,2113,4702,0.449,1561,2111,0.739,859,2268,3127,1640,739,324,1185,1885,7464,N,N,N,N,N,35
Phoenix Suns,2001,78,18845,2794,6414,0.436,315,996,0.316,2479,5418,0.458,1432,1894,0.756,912,2411,3323,1805,734,406,1155,1788,7335,Y,N,N,N,N,48
Washington Wizards,2001,78,18720,2681,6138,0.437,266,818,0.325,2415,5320,0.454,1595,2106,0.757,977,2248,3225,1563,598,368,1258,1825,7223,N,N,N,N,N,18
Golden State Warriors,2001,78,18820,2792,6789,0.411,277,935,0.296,2515,5854,0.43,1355,1914,0.708,1244,2273,3517,1704,713,374,1203,1639,7216,N,N,N,N,N,17
New Jersey Nets,2001,79,19010,2676,6313,0.424,346,1041,0.332,2330,5272,0.442,1581,2081,0.76,879,2260,3139,1546,628,394,1095,1916,7279,N,N,N,N,N,26
Indiana Pacers,2001,78,18945,2670,6074,0.44,382,1113,0.343,2288,4961,0.461,1453,1897,0.766,858,2457,3315,1651,524,461,1105,1823,7175,Y,N,N,N,N,38
Cleveland Cavaliers,2001,78,18845,2739,6199,0.442,214,631,0.339,2525,5568,0.453,1485,1941,0.765,957,2316,3273,1634,606,410,1231,1826,7177,N,N,N,N,N,27
Los Angeles Clippers,2001,78,19070,2737,6140,0.446,341,1014,0.336,2396,5126,0.467,1357,1958,0.693,910,2437,3347,1504,461,491,1151,1687,7172,N,N,N,N,N,28
Charlotte Hornets,2001,79,19160,2686,6255,0.429,329,954,0.345,2357,5301,0.445,1536,2059,0.746,992,2497,3489,1823,641,433,1077,1695,7237,Y,Y,N,N,N,43
Vancouver Grizzlies,2001,79,19060,2753,6263,0.44,312,911,0.342,2441,5352,0.456,1414,1830,0.773,835,2345,3180,1831,559,339,1200,1673,7232,N,N,N,N,N,22
Atlanta Hawks,2001,78,18745,2725,6316,0.431,316,877,0.36,2409,5439,0.443,1299,1710,0.76,972,2380,3352,1471,596,372,1225,1761,7065,N,N,N,N,N,24
Miami Heat,2001,78,18920,2557,5935,0.431,463,1333,0.347,2094,4602,0.455,1363,1794,0.76,760,2304,3064,1540,604,282,1015,1652,6940,Y,N,N,N,N,48
New York Knicks,2001,78,18945,2613,5880,0.444,374,1060,0.353,2239,4820,0.465,1320,1657,0.797,733,2400,3133,1431,517,334,1077,1776,6920,Y,N,N,N,N,46
Chicago Bulls,2001,78,18895,2598,6135,0.423,307,891,0.345,2291,5244,0.437,1317,1797,0.733,894,2157,3051,1722,635,357,1145,1824,6820,N,N,N,N,N,13
Dallas Mavericks,2002,78,18920,3046,6585,0.463,597,1574,0.379,2449,5011,0.489,1539,1915,0.804,865,2444,3309,1728,546,359,913,1758,8228,Y,Y,N,N,N,49
Sacramento Kings,2002,79,19035,3145,6748,0.466,414,1112,0.372,2731,5636,0.485,1559,2070,0.753,976,2599,3575,1890,726,366,1050,1516,8263,Y,Y,Y,N,N,54
Los Angeles Lakers,2002,79,19010,3026,6572,0.46,486,1378,0.353,2540,5194,0.489,1426,2052,0.695,990,2503,3493,1808,600,472,957,1743,7964,Y,Y,Y,Y,Y,54
Orlando Magic,2002,79,19110,2982,6649,0.448,599,1611,0.372,2383,5038,0.473,1397,1849,0.756,919,2359,3278,1748,640,376,1050,1647,7960,Y,N,N,N,N,42
Minnesota Timberwolves,2002,79,19085,3064,6645,0.461,382,1010,0.378,2682,5635,0.476,1340,1682,0.797,1018,2474,3492,1924,506,414,1034,1678,7850,Y,N,N,N,N,46
Milwaukee Bucks,2002,79,19185,2929,6345,0.462,573,1530,0.375,2356,4815,0.489,1273,1700,0.749,809,2477,3286,1789,570,378,1071,1715,7704,N,N,N,N,N,50
Seattle SuperSonics,2002,79,19110,3013,6432,0.468,474,1262,0.376,2539,5170,0.491,1202,1595,0.754,931,2258,3189,1848,674,356,1051,1667,7702,Y,N,N,N,N,43
Golden State Warriors,2002,79,19060,2876,6732,0.427,300,951,0.315,2576,5781,0.446,1643,2279,0.721,1304,2394,3698,1632,623,500,1279,1803,7695,N,N,N,N,N,17
Indiana Pacers,2002,79,19185,2835,6368,0.445,394,1166,0.338,2441,5202,0.469,1586,2056,0.771,895,2483,3378,1811,628,423,1144,1808,7650,Y,N,N,N,N,38
San Antonio Spurs,2002,79,19135,2794,6135,0.455,426,1183,0.36,2368,4952,0.478,1624,2190,0.742,883,2472,3355,1562,597,514,1099,1521,7638,Y,N,N,N,N,56
Boston Celtics,2002,80,19350,2780,6576,0.423,683,1904,0.359,2097,4672,0.449,1476,1931,0.764,872,2501,3373,1674,779,282,1048,1730,7719,Y,Y,N,N,N,35
New Jersey Nets,2002,79,19110,2934,6570,0.447,390,1153,0.338,2544,5417,0.47,1352,1836,0.736,1008,2430,3438,1931,688,478,1132,1682,7610,Y,Y,Y,Y,N,26
Portland Trail Blazers,2002,80,19300,2919,6493,0.45,451,1279,0.353,2468,5214,0.473,1416,1853,0.764,1062,2381,3443,1867,683,356,1095,1567,7705,Y,N,N,N,N,50
Utah Jazz,2002,79,19110,2770,6125,0.452,273,819,0.333,2497,5306,0.471,1778,2339,0.76,1063,2255,3318,1938,721,492,1248,1904,7591,Y,N,N,N,N,51
Los Angeles Clippers,2002,79,19085,2855,6426,0.444,393,1104,0.356,2462,5322,0.463,1450,1961,0.739,1053,2392,3445,1637,492,519,1114,1562,7553,N,N,N,N,N,28
Phoenix Suns,2002,79,19110,2997,6695,0.448,338,1050,0.322,2659,5645,0.471,1216,1578,0.771,1035,2339,3374,1770,647,387,1121,1730,7548,N,N,N,N,N,48
Cleveland Cavaliers,2002,79,19085,2838,6323,0.449,365,976,0.374,2473,5347,0.463,1468,1899,0.773,931,2388,3319,1826,554,453,1083,1677,7509,N,N,N,N,N,27
Atlanta Hawks,2002,79,19010,2788,6330,0.44,409,1145,0.357,2379,5185,0.459,1422,1855,0.767,906,2336,3242,1591,639,331,1154,1642,7407,N,N,N,N,N,24
Charlotte Hornets,2002,79,19035,2792,6338,0.441,335,958,0.35,2457,5380,0.457,1490,2008,0.742,1007,2424,3431,1701,631,442,1065,1680,7409,Y,Y,N,N,N,43
Detroit Pistons,2002,79,18960,2716,6046,0.449,536,1446,0.371,2180,4600,0.474,1417,1881,0.753,780,2274,3054,1682,623,548,1100,1629,7385,Y,Y,N,N,N,31
Houston Rockets,2002,79,19260,2739,6370,0.43,485,1440,0.337,2254,4930,0.457,1365,1844,0.74,981,2327,3308,1424,516,430,1034,1419,7328,N,N,N,N,N,42
Washington Wizards,2002,80,19250,2862,6497,0.441,299,768,0.389,2563,5729,0.447,1390,1813,0.767,1023,2336,3359,1673,554,346,976,1719,7413,N,N,N,N,N,18
Denver Nuggets,2002,79,19085,2799,6621,0.423,409,1249,0.327,2390,5372,0.445,1263,1700,0.743,1079,2227,3306,1737,582,442,1101,1815,7270,N,N,N,N,N,38
New York Knicks,2002,79,19085,2700,6266,0.431,451,1284,0.351,2249,4982,0.451,1363,1737,0.785,844,2367,3211,1643,533,277,1117,1730,7214,N,N,N,N,N,46
Toronto Raptors,2002,79,19035,2801,6484,0.432,373,1077,0.346,2428,5407,0.449,1226,1665,0.736,1082,2247,3329,1706,662,440,1070,1703,7201,Y,N,N,N,N,44
Philadelphia 76ers,2002,79,19010,2699,6202,0.435,211,703,0.3,2488,5499,0.452,1581,2035,0.777,1049,2460,3509,1575,673,352,1133,1572,7190,Y,N,N,N,N,54
Memphis Grizzlies,2002,78,18820,2706,6232,0.434,316,1033,0.306,2390,5199,0.46,1276,1810,0.705,939,2305,3244,1689,624,470,1221,1506,7004,N,N,N,N,N,22
Chicago Bulls,2002,79,19085,2698,6277,0.43,288,838,0.344,2410,5439,0.443,1341,1864,0.719,895,2275,3170,1751,618,346,1108,1761,7025,N,N,N,N,N,13
Miami Heat,2002,79,19210,2697,6145,0.439,302,870,0.347,2395,5275,0.454,1203,1658,0.726,871,2438,3309,1605,527,431,1109,1785,6899,N,N,N,N,N,48
Dallas Mavericks,2003,80,19300,3080,6808,0.452,625,1633,0.383,2455,5175,0.474,1457,1754,0.831,892,2471,3363,1783,649,440,887,1687,8242,Y,Y,N,N,N,58
Golden State Warriors,2003,80,19275,2978,6747,0.441,408,1186,0.344,2570,5561,0.462,1812,2325,0.779,1242,2483,3725,1669,583,486,1224,1743,8176,N,N,N,N,N,38
Sacramento Kings,2003,81,19590,3205,6903,0.464,487,1273,0.383,2718,5630,0.483,1350,1811,0.745,885,2721,3606,2005,728,452,1159,1650,8247,Y,Y,N,N,N,58
Los Angeles Lakers,2003,79,19210,2973,6613,0.45,461,1312,0.351,2512,5301,0.474,1481,2022,0.732,1042,2464,3506,1836,618,455,1108,1806,7888,Y,Y,N,N,N,48
Milwaukee Bucks,2003,80,19425,2972,6516,0.456,574,1490,0.385,2398,5026,0.477,1440,1856,0.776,855,2309,3164,1772,604,329,965,1778,7958,Y,N,N,N,N,40
Orlando Magic,2003,80,19325,2881,6594,0.437,558,1553,0.359,2323,5041,0.461,1587,2038,0.779,937,2337,3274,1633,680,292,1109,1851,7907,Y,N,N,N,N,42
Minnesota Timberwolves,2003,80,19325,3086,6627,0.466,283,782,0.362,2803,5845,0.48,1377,1786,0.771,931,2531,3462,2005,543,421,1067,1663,7832,Y,N,N,N,N,49
Memphis Grizzlies,2003,79,19160,2937,6481,0.453,448,1231,0.364,2489,5250,0.474,1393,1878,0.742,910,2374,3284,1818,630,483,1176,1618,7715,N,N,N,N,N,28
Philadelphia 76ers,2003,79,19135,2880,6411,0.449,236,761,0.31,2644,5650,0.468,1643,2139,0.768,1004,2340,3344,1704,808,275,1120,1741,7639,Y,Y,N,N,N,47
Indiana Pacers,2003,79,19185,2806,6366,0.441,368,1079,0.341,2438,5287,0.461,1663,2172,0.766,960,2530,3490,1843,668,435,1112,1745,7643,Y,N,N,N,N,46
San Antonio Spurs,2003,79,19110,2812,6084,0.462,437,1216,0.359,2375,4868,0.488,1547,2131,0.726,912,2470,3382,1579,604,512,1198,1614,7608,Y,Y,Y,Y,Y,59
New York Knicks,2003,80,19375,2892,6562,0.441,591,1547,0.382,2301,5015,0.459,1299,1597,0.813,823,2317,3140,1756,568,248,1085,1847,7674,N,N,N,N,N,36
New Jersey Nets,2003,80,19275,2847,6433,0.443,339,1014,0.334,2508,5419,0.463,1630,2157,0.756,974,2472,3446,1856,707,367,1156,1727,7663,Y,Y,Y,Y,N,49
Phoenix Suns,2003,79,19085,2899,6561,0.442,384,1116,0.344,2515,5445,0.462,1388,1870,0.742,1033,2356,3389,1658,636,392,1110,1740,7570,Y,N,N,N,N,43
Utah Jazz,2003,80,19300,2826,6040,0.468,219,630,0.348,2607,5410,0.482,1724,2310,0.746,999,2329,3328,2057,690,461,1272,1795,7595,Y,N,N,N,N,47
Portland Trail Blazers,2003,79,19135,2861,6239,0.459,364,1107,0.329,2497,5132,0.487,1403,1887,0.744,958,2294,3252,1781,697,310,1145,1572,7489,Y,N,N,N,N,48
Chicago Bulls,2003,80,19450,2910,6561,0.444,334,968,0.345,2576,5593,0.461,1422,1974,0.72,978,2488,3466,1730,593,449,1299,1981,7576,N,N,N,N,N,29
Atlanta Hawks,2003,80,19425,2791,6285,0.444,392,1120,0.35,2399,5165,0.464,1563,1972,0.793,925,2486,3411,1638,600,456,1269,1741,7537,N,N,N,N,N,34
New Orleans Hornets,2003,79,19185,2811,6451,0.436,390,1046,0.373,2421,5405,0.448,1414,1839,0.769,1056,2375,3431,1741,624,378,1108,1701,7426,Y,N,N,N,N,44
Houston Rockets,2003,80,19450,2778,6313,0.44,425,1221,0.348,2353,5092,0.462,1521,1987,0.765,996,2493,3489,1461,576,478,1163,1578,7502,N,N,N,N,N,41
Los Angeles Clippers,2003,80,19275,2747,6311,0.435,371,1143,0.325,2376,5168,0.46,1599,2128,0.751,970,2396,3366,1558,558,445,1220,1742,7464,N,N,N,N,N,25
Boston Celtics,2003,80,19350,2628,6350,0.414,707,2117,0.334,1921,4233,0.454,1443,1946,0.742,830,2396,3226,1531,707,296,1077,1714,7406,Y,Y,N,N,N,42
Seattle SuperSonics,2003,80,19375,2819,6433,0.438,436,1240,0.352,2383,5193,0.459,1291,1737,0.743,938,2322,3260,1730,662,288,1004,1669,7365,N,N,N,N,N,39
Washington Wizards,2003,80,19350,2750,6235,0.441,245,790,0.31,2505,5445,0.46,1591,2045,0.778,893,2338,3231,1569,610,385,1005,1604,7336,N,N,N,N,N,37
Cleveland Cavaliers,2003,80,19350,2774,6579,0.422,289,888,0.325,2485,5691,0.437,1474,1977,0.746,1091,2473,3564,1666,623,509,1401,1815,7311,N,N,N,N,N,16
Detroit Pistons,2003,79,19135,2596,6024,0.431,510,1437,0.355,2086,4587,0.455,1499,1941,0.772,846,2361,3207,1564,526,454,1009,1689,7201,Y,Y,Y,N,N,48
Toronto Raptors,2003,80,19325,2780,6496,0.428,398,1162,0.343,2382,5334,0.447,1310,1821,0.719,993,2296,3289,1550,598,373,1084,1725,7268,N,N,N,N,N,24
Miami Heat,2003,80,19350,2615,6355,0.411,341,1069,0.319,2274,5286,0.43,1256,1642,0.765,926,2398,3324,1460,584,318,1076,1812,6827,N,N,N,N,N,24
Denver Nuggets,2003,80,19250,2612,6354,0.411,220,797,0.276,2392,5557,0.43,1269,1815,0.699,1080,2307,3387,1676,688,411,1398,2006,6713,N,N,N,N,N,17
Dallas Mavericks,2004,80,19325,3248,7072,0.459,495,1421,0.348,2753,5651,0.487,1433,1798,0.797,1162,2473,3635,1920,630,423,944,1574,8424,Y,N,N,N,N,50
Sacramento Kings,2004,81,19540,3067,6620,0.463,593,1479,0.401,2474,5141,0.481,1615,2032,0.795,873,2461,3334,2129,700,316,1095,1569,8342,Y,Y,N,N,N,55
Milwaukee Bucks,2004,81,19540,2937,6564,0.447,399,1134,0.352,2538,5430,0.467,1679,2166,0.775,943,2471,3414,1849,550,381,1059,1654,7952,Y,N,N,N,N,41
Los Angeles Lakers,2004,80,19325,2945,6494,0.453,355,1077,0.33,2590,5417,0.478,1593,2298,0.693,970,2478,3448,1899,662,370,1071,1689,7838,Y,Y,Y,Y,N,54
Denver Nuggets,2004,81,19490,2966,6680,0.444,329,976,0.337,2637,5704,0.462,1644,2141,0.768,1069,2354,3423,1783,738,519,1184,1770,7905,Y,N,N,N,N,43
Seattle SuperSonics,2004,81,19565,2894,6507,0.445,714,1912,0.373,2180,4595,0.474,1344,1763,0.762,900,2291,3191,1750,649,387,1115,1762,7846,N,N,N,N,N,36
Memphis Grizzlies,2004,80,19400,2894,6496,0.446,438,1285,0.341,2456,5211,0.471,1511,2086,0.724,1024,2333,3357,1871,772,558,1152,1865,7737,Y,N,N,N,N,50
Los Angeles Clippers,2004,80,19325,2745,6423,0.427,324,1002,0.323,2421,5421,0.447,1772,2251,0.787,1125,2350,3475,1614,583,365,1244,1781,7586,N,N,N,N,N,27
Boston Celtics,2004,81,19465,2797,6326,0.442,543,1575,0.345,2254,4751,0.474,1537,2054,0.748,836,2413,3249,1657,757,326,1276,1810,7674,Y,N,N,N,N,35
Minnesota Timberwolves,2004,81,19515,2994,6499,0.461,319,885,0.36,2675,5614,0.476,1339,1717,0.78,865,2613,3478,1867,553,456,990,1707,7646,Y,Y,Y,N,N,57
Phoenix Suns,2004,80,19250,2885,6509,0.443,400,1171,0.342,2485,5338,0.466,1368,1826,0.749,900,2349,3249,1551,713,373,1175,1816,7538,N,N,N,N,N,28
Orlando Magic,2004,81,19590,2869,6690,0.429,426,1237,0.344,2443,5453,0.448,1452,1973,0.736,991,2317,3308,1568,538,304,1050,1728,7616,N,N,N,N,N,20
Golden State Warriors,2004,80,19375,2797,6342,0.441,413,1238,0.334,2384,5104,0.467,1441,1988,0.725,971,2470,3441,1640,560,379,1124,1655,7448,N,N,N,N,N,36
Cleveland Cavaliers,2004,81,19615,2883,6673,0.432,243,775,0.314,2640,5898,0.448,1510,2010,0.751,1106,2591,3697,1786,573,530,1154,1731,7519,N,N,N,N,N,34
Atlanta Hawks,2004,81,19665,2781,6438,0.432,407,1221,0.333,2374,5217,0.455,1510,1946,0.776,982,2481,3463,1616,619,406,1260,1800,7479,N,N,N,N,N,28
New York Knicks,2004,81,19640,2843,6434,0.442,402,1105,0.364,2441,5329,0.458,1364,1718,0.794,938,2513,3451,1682,601,389,1237,1881,7452,Y,N,N,N,N,39
Washington Wizards,2004,81,19590,2731,6484,0.421,429,1250,0.343,2302,5234,0.44,1559,2183,0.714,1106,2362,3468,1524,725,404,1357,1694,7450,N,N,N,N,N,25
New Orleans Hornets,2004,81,19590,2735,6523,0.419,523,1644,0.318,2212,4879,0.453,1442,1917,0.752,1075,2386,3461,1692,699,343,1142,1695,7435,Y,N,N,N,N,40
San Antonio Spurs,2004,81,19515,2814,6368,0.442,407,1130,0.36,2407,5238,0.46,1373,2016,0.681,1016,2624,3640,1661,649,528,1137,1644,7408,Y,Y,N,N,N,56
Indiana Pacers,2004,81,19565,2719,6241,0.436,443,1262,0.351,2276,4979,0.457,1511,1980,0.763,949,2410,3359,1750,722,403,1098,1689,7392,Y,Y,Y,N,N,60
Portland Trail Blazers,2004,81,19690,2854,6376,0.448,377,1091,0.346,2477,5285,0.469,1251,1710,0.732,1026,2335,3361,1740,607,438,1115,1530,7336,N,N,N,N,N,41
New Jersey Nets,2004,81,19465,2783,6289,0.443,372,1106,0.336,2411,5183,0.465,1379,1829,0.754,844,2449,3293,1990,693,320,1138,1699,7317,Y,N,N,N,N,47
Miami Heat,2004,81,19515,2694,6347,0.424,480,1342,0.358,2214,5005,0.442,1438,1887,0.762,931,2430,3361,1542,579,308,1056,1793,7306,Y,Y,N,N,N,41
Detroit Pistons,2004,81,19540,2718,6239,0.436,332,960,0.346,2386,5279,0.452,1542,2049,0.753,1005,2462,3467,1683,649,568,1168,1645,7310,Y,Y,Y,Y,Y,54
Houston Rockets,2004,81,19690,2702,6116,0.442,506,1385,0.365,2196,4731,0.464,1363,1759,0.775,838,2606,3444,1555,554,440,1276,1738,7273,Y,N,N,N,N,45
Chicago Bulls,2004,81,19590,2761,6665,0.414,419,1228,0.341,2342,5437,0.431,1318,1816,0.726,1037,2489,3526,1773,652,390,1241,1885,7259,N,N,N,N,N,23
Utah Jazz,2004,81,19540,2658,6092,0.436,248,771,0.322,2410,5321,0.453,1623,2169,0.748,1087,2245,3332,1651,574,486,1237,2073,7187,N,N,N,N,N,42
Philadelphia 76ers,2004,81,19615,2644,6181,0.428,337,978,0.345,2307,5203,0.443,1501,1988,0.755,933,2384,3317,1617,648,351,1198,1681,7126,N,N,N,N,N,33
Toronto Raptors,2004,80,19500,2589,6204,0.417,444,1257,0.353,2145,4947,0.434,1208,1618,0.747,816,2350,3166,1539,591,395,1059,1708,6830,N,N,N,N,N,31
Phoenix Suns,2005,78,18820,3190,6672,0.478,755,1920,0.393,2435,4752,0.512,1470,1971,0.746,922,2515,3437,1837,544,428,1045,1490,8605,Y,Y,Y,N,N,59
Sacramento Kings,2005,78,18895,3043,6609,0.46,495,1324,0.374,2548,5285,0.482,1497,1896,0.79,966,2331,3297,1907,644,300,995,1597,8078,Y,N,N,N,N,48
Dallas Mavericks,2005,77,18530,2867,6306,0.455,437,1202,0.364,2430,5104,0.476,1714,2164,0.792,935,2397,3332,1488,655,444,996,1716,7885,Y,Y,N,N,N,53
Miami Heat,2005,77,18755,2913,5990,0.486,441,1171,0.377,2472,4819,0.513,1561,2322,0.672,841,2478,3319,1682,488,446,1018,1699,7828,Y,Y,Y,N,N,56
Boston Celtics,2005,77,18680,2862,6137,0.466,406,1170,0.347,2456,4967,0.494,1680,2190,0.767,855,2299,3154,1692,632,403,1183,1855,7810,Y,N,N,N,N,42
Washington Wizards,2005,77,18580,2764,6375,0.434,481,1404,0.343,2283,4971,0.459,1708,2342,0.729,1071,2209,3280,1471,677,321,1063,1705,7717,Y,Y,N,N,N,42
Orlando Magic,2005,77,18505,2856,6260,0.456,298,850,0.351,2558,5410,0.473,1691,2210,0.765,971,2400,3371,1488,588,427,1204,1812,7701,N,N,N,N,N,35
Toronto Raptors,2005,78,18845,2806,6351,0.442,624,1616,0.386,2182,4735,0.461,1532,1981,0.773,819,2325,3144,1589,586,305,984,1777,7768,N,N,N,N,N,32
Seattle SuperSonics,2005,77,18555,2704,6105,0.443,629,1713,0.367,2075,4392,0.472,1606,2030,0.791,982,2164,3146,1393,525,311,983,1833,7643,Y,Y,N,N,N,50
Denver Nuggets,2005,77,18555,2835,6178,0.459,303,893,0.339,2532,5285,0.479,1641,2156,0.761,895,2316,3211,1831,703,460,1106,1761,7614,Y,N,N,N,N,46
Philadelphia 76ers,2005,77,18630,2756,6324,0.436,464,1346,0.345,2292,4978,0.46,1621,2065,0.785,868,2375,3243,1592,707,297,1167,1773,7597,N,N,N,N,N,39
Los Angeles Lakers,2005,78,18820,2748,6279,0.438,607,1702,0.357,2141,4577,0.468,1572,2023,0.777,961,2401,3362,1573,475,337,1062,1701,7675,N,N,N,N,N,34
Golden State Warriors,2005,78,18945,2867,6682,0.429,578,1654,0.349,2289,5028,0.455,1342,1862,0.721,1004,2309,3313,1700,611,398,1021,1760,7654,N,N,N,N,N,31
Milwaukee Bucks,2005,77,18580,2776,6169,0.45,304,865,0.351,2472,5304,0.466,1608,2083,0.772,921,2263,3184,1608,494,279,1023,1709,7464,N,N,N,N,N,29
New York Knicks,2005,77,18655,2779,6196,0.449,396,1136,0.349,2383,5060,0.471,1489,1933,0.77,908,2237,3145,1552,599,246,1071,1824,7443,N,N,N,N,N,30
San Antonio Spurs,2005,78,18845,2798,6152,0.455,484,1335,0.363,2314,4817,0.48,1455,2018,0.721,946,2368,3314,1698,587,510,1012,1638,7535,Y,Y,Y,Y,Y,58
Minnesota Timberwolves,2005,77,18555,2841,6205,0.458,380,1095,0.347,2461,5110,0.482,1365,1708,0.799,885,2415,3300,1797,436,413,984,1688,7427,N,N,N,N,N,40
Cleveland Cavaliers,2005,77,18655,2801,6255,0.448,279,837,0.333,2522,5418,0.465,1542,2032,0.759,1026,2210,3236,1732,619,435,1017,1732,7423,N,N,N,N,N,40
Los Angeles Clippers,2005,78,19070,2775,6054,0.458,226,649,0.348,2549,5405,0.472,1712,2192,0.781,935,2341,3276,1815,563,405,1159,1737,7488,N,N,N,N,N,35
Houston Rockets,2005,78,18895,2696,6121,0.44,506,1436,0.352,2190,4685,0.467,1462,1874,0.78,831,2479,3310,1631,532,351,1026,1726,7360,Y,N,N,N,N,47
Chicago Bulls,2005,77,18630,2664,6171,0.432,468,1341,0.349,2196,4830,0.455,1461,1952,0.748,952,2422,3374,1624,540,350,1258,1920,7257,Y,N,N,N,N,44
Charlotte Bobcats,2005,77,18680,2777,6471,0.429,311,840,0.37,2466,5631,0.438,1380,1959,0.704,1030,2183,3213,1673,651,415,1065,1784,7245,N,N,N,N,N,16
Memphis Grizzlies,2005,77,18505,2635,5883,0.448,510,1413,0.361,2125,4470,0.475,1430,1899,0.753,836,2180,3016,1620,650,445,1085,1798,7210,Y,N,N,N,N,44
Indiana Pacers,2005,77,18705,2523,5782,0.436,505,1466,0.344,2018,4316,0.468,1646,2072,0.794,801,2270,3071,1415,576,340,1040,1777,7197,Y,N,N,N,N,42
Utah Jazz,2005,77,18580,2659,5894,0.451,240,718,0.334,2419,5176,0.467,1627,2142,0.76,959,2107,3066,1725,508,358,1157,2062,7185,N,N,N,N,N,24
Detroit Pistons,2005,77,18755,2665,6036,0.442,351,1015,0.346,2314,5021,0.461,1499,2015,0.744,991,2343,3334,1664,544,462,1012,1542,7180,Y,Y,Y,Y,N,50
Atlanta Hawks,2005,77,18630,2767,6268,0.441,283,914,0.31,2484,5354,0.464,1306,1852,0.705,1029,2205,3234,1513,593,325,1180,1883,7123,N,N,N,N,N,12
Portland Trail Blazers,2005,77,18530,2703,6024,0.449,395,1079,0.366,2308,4945,0.467,1321,1818,0.727,916,2261,3177,1593,539,511,1175,1606,7122,N,N,N,N,N,25
New Jersey Nets,2005,77,18705,2574,6017,0.428,395,1097,0.36,2179,4920,0.443,1451,1897,0.765,795,2226,3021,1666,606,300,1040,1884,6994,Y,N,N,N,N,38
New Orleans Hornets,2005,77,18730,2555,6157,0.415,394,1248,0.316,2161,4909,0.44,1311,1720,0.762,958,2146,3104,1620,522,289,1070,1773,6815,N,N,N,N,N,18
Phoenix Suns,2006,77,18755,3226,6731,0.479,772,1961,0.394,2454,4770,0.514,1133,1393,0.813,724,2473,3197,2049,513,395,975,1581,8357,Y,Y,Y,N,N,51
Seattle SuperSonics,2006,78,18870,2925,6397,0.457,565,1539,0.367,2360,4858,0.486,1571,1997,0.787,984,2121,3105,1597,582,286,1094,1855,7986,N,N,N,N,N,33
Washington Wizards,2006,78,18870,2819,6309,0.447,473,1314,0.36,2346,4995,0.47,1808,2383,0.759,977,2234,3211,1452,621,322,1057,1784,7919,Y,N,N,N,N,39
Toronto Raptors,2006,79,19235,2908,6371,0.456,587,1568,0.374,2321,4803,0.483,1575,2001,0.787,819,2213,3032,1540,506,263,994,1900,7978,N,N,N,N,N,26
Denver Nuggets,2006,79,19210,2976,6429,0.463,338,1028,0.329,2638,5401,0.488,1674,2239,0.748,868,2387,3255,1859,672,447,1128,1799,7964,Y,N,N,N,N,44
Miami Heat,2006,78,18795,2902,6048,0.48,478,1383,0.346,2424,4665,0.52,1534,2203,0.696,822,2551,3373,1623,492,427,1084,1780,7816,Y,Y,Y,Y,Y,51
Philadelphia 76ers,2006,78,18945,2864,6251,0.458,356,962,0.37,2508,5289,0.474,1704,2236,0.762,838,2318,3156,1583,622,395,1045,1627,7788,N,N,N,N,N,37
Dallas Mavericks,2006,79,19160,2855,6151,0.464,404,1079,0.374,2451,5072,0.483,1730,2203,0.785,983,2346,3329,1435,565,473,1016,1771,7844,Y,Y,Y,Y,N,59
Los Angeles Lakers,2006,79,19135,2869,6349,0.452,528,1516,0.348,2341,4833,0.484,1554,2093,0.742,938,2386,3324,1660,601,342,1071,1837,7820,Y,N,N,N,N,42
Sacramento Kings,2006,79,19110,2834,6244,0.454,471,1337,0.352,2363,4907,0.482,1660,2109,0.787,812,2384,3196,1750,583,284,1115,1624,7799,Y,N,N,N,N,41
Boston Celtics,2006,78,18920,2825,6031,0.468,452,1239,0.365,2373,4792,0.495,1591,2096,0.759,774,2299,3073,1648,538,410,1229,1945,7693,N,N,N,N,N,32
Golden State Warriors,2006,78,18870,2793,6441,0.434,604,1756,0.344,2189,4685,0.467,1495,2084,0.717,918,2366,3284,1621,567,343,1069,1868,7685,N,N,N,N,N,31
Cleveland Cavaliers,2006,78,18870,2773,6106,0.454,477,1409,0.339,2296,4697,0.489,1603,2201,0.728,910,2384,3294,1490,536,372,1031,1650,7626,Y,Y,N,N,N,47
Milwaukee Bucks,2006,78,18895,2816,6251,0.45,474,1247,0.38,2342,5004,0.468,1487,2019,0.737,885,2333,3218,1673,567,260,1085,1803,7593,Y,N,N,N,N,38
Los Angeles Clippers,2006,78,18845,2852,6146,0.464,273,799,0.342,2579,5347,0.482,1614,2045,0.789,788,2572,3360,1632,505,482,1071,1782,7591,Y,Y,N,N,N,45
Detroit Pistons,2006,78,18870,2835,6240,0.454,534,1382,0.386,2301,4858,0.474,1358,1855,0.732,938,2228,3166,1872,546,466,828,1431,7562,Y,Y,Y,N,N,63
Chicago Bulls,2006,78,18920,2834,6397,0.443,527,1402,0.376,2307,4995,0.462,1362,1849,0.737,860,2463,3323,1693,483,326,1139,1930,7557,Y,N,N,N,N,37
Atlanta Hawks,2006,78,18920,2788,6173,0.452,398,1086,0.366,2390,5087,0.47,1566,2090,0.749,1024,2126,3150,1535,558,375,1182,1958,7540,N,N,N,N,N,24
Charlotte Bobcats,2006,78,18920,2805,6508,0.431,401,1200,0.334,2404,5308,0.453,1530,2101,0.728,942,2153,3095,1631,778,334,1060,1879,7541,N,N,N,N,N,22
New York Knicks,2006,77,18730,2650,5853,0.453,300,821,0.365,2350,5032,0.467,1797,2461,0.73,988,2224,3212,1370,513,249,1315,2058,7397,N,N,N,N,N,22
San Antonio Spurs,2006,78,18845,2846,6036,0.472,485,1275,0.38,2361,4761,0.496,1273,1812,0.703,805,2429,3234,1622,512,444,1027,1639,7450,Y,Y,N,N,N,60
Orlando Magic,2006,78,18920,2767,5839,0.474,281,757,0.371,2486,5082,0.489,1580,2162,0.731,836,2293,3129,1438,496,345,1136,1819,7395,N,N,N,N,N,34
New Jersey Nets,2006,78,18820,2650,6017,0.44,451,1346,0.335,2199,4671,0.471,1595,2100,0.76,780,2430,3210,1784,527,265,1012,1815,7346,Y,Y,N,N,N,47
Indiana Pacers,2006,78,18745,2643,5968,0.443,514,1461,0.352,2129,4507,0.472,1510,2045,0.738,850,2418,3268,1545,574,378,1145,1739,7310,Y,N,N,N,N,38
New Orleans/Oklahoma City Hornets,2006,78,18845,2690,6099,0.441,288,847,0.34,2402,5252,0.457,1587,2096,0.757,879,2262,3141,1454,591,299,979,1712,7255,N,N,N,N,N,38
Utah Jazz,2006,78,18920,2600,5912,0.44,294,879,0.334,2306,5033,0.458,1692,2354,0.719,1024,2281,3305,1681,502,468,1155,1938,7186,N,N,N,N,N,39
Minnesota Timberwolves,2006,79,19085,2788,6091,0.458,295,893,0.33,2493,5198,0.48,1392,1838,0.757,781,2337,3118,1660,535,461,1087,1826,7263,N,N,N,N,N,33
Memphis Grizzlies,2006,79,19085,2631,5885,0.447,561,1520,0.369,2070,4365,0.474,1439,2022,0.712,804,2285,3089,1511,578,426,1015,1699,7262,Y,N,N,N,N,46
Houston Rockets,2006,79,19110,2612,6030,0.433,458,1368,0.335,2154,4662,0.462,1451,1907,0.761,822,2474,3296,1527,565,312,1081,1791,7133,N,N,N,N,N,33
Portland Trail Blazers,2006,78,18770,2653,5971,0.444,342,972,0.352,2311,4999,0.462,1282,1860,0.689,859,2096,2955,1418,499,413,1063,1737,6930,N,N,N,N,N,21
Phoenix Suns,2007,78,18945,3227,6516,0.495,750,1867,0.402,2477,4649,0.533,1398,1740,0.803,702,2459,3161,2017,521,372,1104,1585,8602,Y,Y,N,N,N,59
Golden State Warriors,2007,78,18795,3089,6686,0.462,655,1853,0.353,2434,4833,0.504,1427,1999,0.714,883,2319,3202,1841,705,449,1232,1831,8260,Y,Y,N,N,N,38
Washington Wizards,2007,78,18870,2948,6522,0.452,534,1533,0.348,2414,4989,0.484,1773,2292,0.774,947,2270,3217,1585,612,352,1033,1735,8203,Y,N,N,N,N,39
Denver Nuggets,2007,78,18820,2991,6466,0.463,452,1353,0.334,2539,5113,0.497,1758,2351,0.748,954,2434,3388,1818,646,407,1261,1670,8192,Y,N,N,N,N,42
Los Angeles Lakers,2007,79,19310,2981,6416,0.465,592,1673,0.354,2389,4743,0.504,1609,2148,0.749,851,2401,3252,1792,581,405,1206,1825,8163,Y,N,N,N,N,40
Utah Jazz,2007,78,18845,2913,6164,0.473,335,1011,0.331,2578,5153,0.5,1728,2325,0.743,978,2320,3298,1918,562,328,1177,1970,7889,Y,Y,Y,N,N,48
Memphis Grizzlies,2007,79,19260,2866,6206,0.462,488,1333,0.366,2378,4873,0.488,1761,2313,0.761,831,2285,3116,1597,539,388,1253,1767,7981,N,N,N,N,N,19
Sacramento Kings,2007,78,18845,2785,6201,0.449,495,1417,0.349,2290,4784,0.479,1801,2345,0.768,756,2290,3046,1571,647,249,1105,1705,7866,N,N,N,N,N,32
Dallas Mavericks,2007,78,18795,2872,6134,0.468,521,1350,0.386,2351,4784,0.491,1568,1939,0.809,882,2402,3284,1563,532,389,1031,1741,7833,Y,N,N,N,N,65
Milwaukee Bucks,2007,78,18895,2976,6410,0.464,490,1392,0.352,2486,5018,0.495,1336,1824,0.732,908,2165,3073,1679,550,212,1130,1745,7778,N,N,N,N,N,26
Toronto Raptors,2007,78,18795,2882,6216,0.464,512,1401,0.365,2370,4815,0.492,1484,1882,0.789,711,2367,3078,1726,548,310,1013,1585,7760,Y,N,N,N,N,45
Seattle SuperSonics,2007,79,19110,2947,6398,0.461,509,1411,0.361,2438,4987,0.489,1452,1832,0.793,893,2244,3137,1649,618,290,1151,1736,7855,N,N,N,N,N,31
San Antonio Spurs,2007,78,18820,2861,6009,0.476,566,1484,0.381,2295,4525,0.507,1427,1905,0.749,726,2450,3176,1741,559,397,1042,1516,7715,Y,Y,Y,Y,Y,57
Chicago Bulls,2007,79,19060,2934,6423,0.457,456,1186,0.384,2478,5237,0.473,1478,2016,0.733,948,2491,3439,1757,619,438,1219,1833,7802,Y,Y,N,N,N,47
New York Knicks,2007,78,19045,2771,6065,0.457,450,1312,0.343,2321,4753,0.488,1622,2269,0.715,991,2391,3382,1464,520,249,1270,1837,7614,N,N,N,N,N,32
New Jersey Nets,2007,78,18920,2774,6080,0.456,560,1563,0.358,2214,4517,0.49,1472,2033,0.724,787,2393,3180,1855,484,258,1105,1776,7580,Y,Y,N,N,N,37
Charlotte Bobcats,2007,79,19285,2845,6406,0.444,435,1232,0.353,2410,5174,0.466,1533,2079,0.737,897,2277,3174,1755,606,363,1129,1913,7658,N,N,N,N,N,32
Cleveland Cavaliers,2007,79,19160,2852,6413,0.445,477,1361,0.35,2375,5052,0.47,1436,2058,0.698,1001,2428,3429,1616,595,341,1090,1718,7617,Y,Y,Y,Y,N,47
Houston Rockets,2007,79,19135,2781,6277,0.443,679,1826,0.372,2102,4451,0.472,1378,1838,0.75,848,2604,3452,1631,560,330,1081,1647,7619,Y,N,N,N,N,50
Detroit Pistons,2007,78,18920,2797,6166,0.454,427,1234,0.346,2370,4932,0.481,1485,1909,0.778,909,2247,3156,1672,557,441,911,1599,7506,Y,Y,Y,N,N,51
Boston Celtics,2007,78,18895,2717,6139,0.443,451,1215,0.371,2266,4924,0.46,1604,2095,0.766,869,2283,3152,1554,555,367,1219,1881,7489,N,N,N,N,N,23
Minnesota Timberwolves,2007,78,19045,2844,6146,0.463,359,1020,0.352,2485,5126,0.485,1430,1800,0.794,766,2365,3131,1766,507,315,1170,1672,7477,N,N,N,N,N,32
Los Angeles Clippers,2007,78,18770,2744,6011,0.456,295,852,0.346,2449,5159,0.475,1667,2121,0.786,825,2372,3197,1683,570,449,1126,1783,7450,N,N,N,N,N,38
Indiana Pacers,2007,78,18820,2731,6255,0.437,447,1322,0.338,2284,4933,0.463,1531,2019,0.758,949,2331,3280,1602,576,429,1245,1807,7440,N,N,N,N,N,35
Miami Heat,2007,79,19135,2820,6069,0.465,505,1490,0.339,2315,4579,0.506,1357,1970,0.689,794,2456,3250,1622,542,431,1101,1683,7502,Y,N,N,N,N,43
New Orleans/Oklahoma City Hornets,2007,78,18920,2800,6332,0.442,430,1175,0.366,2370,5157,0.46,1375,1872,0.735,978,2403,3381,1446,500,331,1074,1548,7405,N,N,N,N,N,37
Orlando Magic,2007,78,18820,2736,5801,0.472,323,913,0.354,2413,4888,0.494,1595,2275,0.701,871,2290,3161,1448,542,387,1272,1810,7390,Y,N,N,N,N,36
Philadelphia 76ers,2007,78,18920,2782,6086,0.457,268,788,0.34,2514,5298,0.475,1550,2021,0.767,843,2238,3081,1588,570,376,1152,1596,7382,N,N,N,N,N,33
Portland Trail Blazers,2007,78,18995,2737,6091,0.449,409,1175,0.348,2328,4916,0.474,1446,1880,0.769,887,2192,3079,1441,534,365,1116,1833,7329,N,N,N,N,N,31
Atlanta Hawks,2007,78,18920,2686,6068,0.443,338,1017,0.332,2348,5051,0.465,1595,2091,0.763,931,2203,3134,1486,580,424,1188,1886,7305,N,N,N,N,N,29
Golden State Warriors,2008,80,19300,3310,7192,0.46,736,2117,0.348,2574,5075,0.507,1512,2008,0.753,1010,2438,3448,1788,728,368,1042,1828,8868,N,N,N,N,N,48
Denver Nuggets,2008,80,19375,3222,6858,0.47,555,1560,0.356,2667,5298,0.503,1844,2457,0.751,902,2614,3516,1972,736,530,1153,1693,8843,Y,N,N,N,N,48
Phoenix Suns,2008,80,19300,3313,6624,0.5,680,1728,0.394,2633,4896,0.538,1498,1909,0.785,696,2598,3294,2136,523,511,1113,1598,8804,Y,N,N,N,N,53
Los Angeles Lakers,2008,80,19300,3164,6650,0.476,645,1714,0.376,2519,4936,0.51,1701,2217,0.767,873,2651,3524,1945,638,424,1090,1658,8674,Y,Y,Y,Y,N,55
Utah Jazz,2008,80,19225,3211,6434,0.499,402,1067,0.377,2809,5367,0.523,1701,2241,0.759,916,2350,3266,2125,705,348,1142,1923,8525,Y,Y,N,N,N,53
Orlando Magic,2008,79,19060,2936,6207,0.473,767,1994,0.385,2169,4213,0.515,1600,2216,0.722,738,2582,3320,1623,491,322,1099,1637,8239,Y,Y,N,N,N,49
Indiana Pacers,2008,80,19275,3021,6827,0.443,730,1972,0.37,2291,4855,0.472,1513,1971,0.768,889,2569,3458,1805,611,399,1177,1880,8285,N,N,N,N,N,35
Sacramento Kings,2008,80,19350,2967,6396,0.464,500,1344,0.372,2467,5052,0.488,1775,2227,0.797,809,2404,3213,1527,634,326,1227,1796,8209,N,N,N,N,N,38
Memphis Grizzlies,2008,80,19325,2982,6551,0.455,603,1715,0.352,2379,4836,0.492,1488,2051,0.725,825,2496,3321,1521,491,377,1188,1550,8055,N,N,N,N,N,22
New Orleans Hornets,2008,80,19325,3083,6628,0.465,618,1585,0.39,2465,5043,0.489,1274,1661,0.767,915,2435,3350,1744,621,306,912,1491,8058,Y,Y,N,N,N,55
Boston Celtics,2008,80,19275,2912,6127,0.475,581,1533,0.379,2331,4594,0.507,1636,2120,0.772,809,2549,3358,1798,679,368,1154,1820,8041,Y,Y,Y,Y,Y,64
Toronto Raptors,2008,79,19110,3038,6477,0.469,556,1411,0.394,2482,5066,0.49,1311,1612,0.813,760,2414,3174,1879,543,321,882,1545,7943,Y,N,N,N,N,40
Dallas Mavericks,2008,80,19250,2950,6337,0.466,477,1354,0.352,2473,4983,0.496,1651,2031,0.813,857,2577,3434,1676,484,397,974,1744,8028,Y,N,N,N,N,50
Washington Wizards,2008,80,19425,2907,6524,0.446,558,1574,0.355,2349,4950,0.475,1532,1948,0.786,976,2336,3312,1565,624,388,1008,1566,7904,Y,N,N,N,N,42
Atlanta Hawks,2008,80,19375,2897,6386,0.454,375,1049,0.357,2522,5337,0.473,1681,2176,0.773,987,2392,3379,1756,587,440,1141,1642,7850,Y,N,N,N,N,37
Detroit Pistons,2008,79,19010,2889,6311,0.458,472,1290,0.366,2417,5021,0.481,1452,1898,0.765,937,2327,3264,1772,565,452,873,1628,7702,Y,Y,Y,N,N,56
Seattle SuperSonics,2008,80,19350,3037,6850,0.443,308,923,0.334,2729,5927,0.46,1392,1810,0.769,947,2611,3558,1696,517,389,1231,1646,7774,N,N,N,N,N,18
Cleveland Cavaliers,2008,79,19135,2846,6468,0.44,542,1507,0.36,2304,4961,0.464,1420,1977,0.718,1046,2463,3509,1591,564,411,1044,1662,7654,Y,Y,N,N,N,43
Houston Rockets,2008,79,19010,2905,6444,0.451,556,1628,0.342,2349,4816,0.488,1282,1770,0.724,963,2559,3522,1692,576,410,1039,1540,7648,Y,N,N,N,N,54
Charlotte Bobcats,2008,80,19375,2876,6384,0.451,517,1409,0.367,2359,4975,0.474,1467,2064,0.711,868,2377,3245,1694,599,388,1107,1732,7736,N,N,N,N,N,31
Chicago Bulls,2008,79,19085,2853,6606,0.432,456,1249,0.365,2397,5357,0.447,1477,1959,0.754,1018,2387,3405,1721,607,418,1111,1718,7639,N,N,N,N,N,31
New York Knicks,2008,80,19400,2891,6569,0.44,471,1398,0.337,2420,5171,0.468,1479,2041,0.725,1002,2393,3395,1486,502,206,1106,1713,7732,N,N,N,N,N,23
Philadelphia 76ers,2008,80,19275,2973,6472,0.459,291,923,0.315,2682,5549,0.483,1487,2102,0.707,1036,2316,3352,1635,692,396,1093,1580,7724,Y,N,N,N,N,40
Milwaukee Bucks,2008,80,19350,2934,6564,0.447,440,1282,0.343,2494,5282,0.472,1412,1926,0.733,1030,2298,3328,1701,532,353,1141,1711,7720,N,N,N,N,N,26
New Jersey Nets,2008,80,19325,2788,6297,0.443,481,1387,0.347,2307,4910,0.47,1594,2170,0.735,902,2455,3357,1865,505,380,1149,1821,7651,N,N,N,N,N,33
Minnesota Timberwolves,2008,80,19225,2994,6633,0.451,426,1223,0.348,2568,5410,0.475,1212,1643,0.738,939,2367,3306,1586,597,295,1123,1842,7626,N,N,N,N,N,21
San Antonio Spurs,2008,79,19010,2825,6201,0.456,575,1558,0.369,2250,4643,0.485,1300,1703,0.763,753,2524,3277,1650,497,329,948,1478,7525,Y,Y,Y,N,N,54
Portland Trail Blazers,2008,80,19425,2858,6375,0.448,518,1378,0.376,2340,4997,0.468,1382,1798,0.769,881,2377,3258,1688,442,354,983,1595,7616,N,N,N,N,N,40
Los Angeles Clippers,2008,80,19325,2758,6298,0.438,341,1057,0.323,2417,5241,0.461,1668,2137,0.781,784,2426,3210,1696,551,390,1098,1714,7525,N,N,N,N,N,23
Miami Heat,2008,79,19110,2708,6097,0.444,460,1295,0.355,2248,4802,0.468,1351,1860,0.726,718,2259,2977,1579,569,344,1118,1604,7227,N,N,N,N,N,14
Phoenix Suns,2009,80,19275,3289,6520,0.504,541,1413,0.383,2748,5107,0.538,1619,2172,0.745,866,2469,3335,1858,571,408,1239,1649,8738,N,N,N,N,N,44
Golden State Warriors,2009,80,19400,3160,6880,0.459,543,1448,0.375,2617,5432,0.482,1857,2345,0.792,924,2427,3351,1680,627,511,1144,1796,8720,N,N,N,N,N,29
Los Angeles Lakers,2009,81,19540,3259,6895,0.473,539,1503,0.359,2720,5392,0.504,1586,2063,0.769,1008,2564,3572,1869,707,412,1060,1667,8643,Y,Y,Y,Y,Y,64
New York Knicks,2009,81,19565,3119,7006,0.445,816,2260,0.361,2303,4746,0.485,1471,1878,0.783,897,2510,3407,1721,601,200,1130,1655,8525,N,N,N,N,N,31
Indiana Pacers,2009,80,19350,3142,6911,0.455,632,1682,0.376,2510,5229,0.48,1477,1832,0.806,898,2593,3491,1731,553,413,1115,1860,8393,N,N,N,N,N,35
Denver Nuggets,2009,80,19250,2991,6342,0.472,530,1432,0.37,2461,4910,0.501,1849,2435,0.759,879,2448,3327,1784,693,478,1201,1838,8361,Y,Y,Y,N,N,53
Utah Jazz,2009,80,19400,3071,6471,0.475,385,1102,0.349,2686,5369,0.5,1747,2266,0.771,915,2363,3278,1977,697,365,1142,1782,8274,Y,N,N,N,N,47
Chicago Bulls,2009,80,19450,3051,6676,0.457,485,1263,0.384,2566,5413,0.474,1602,2012,0.796,953,2418,3371,1689,604,440,1120,1670,8189,Y,N,N,N,N,40
Dallas Mavericks,2009,80,19325,3059,6622,0.462,557,1599,0.348,2502,5023,0.498,1477,1806,0.818,896,2527,3423,1736,581,420,979,1565,8152,Y,Y,N,N,N,48
Orlando Magic,2009,80,19250,2864,6247,0.458,805,2106,0.382,2059,4141,0.497,1575,2201,0.716,790,2660,3450,1557,557,430,1089,1621,8108,Y,Y,Y,Y,N,58
Boston Celtics,2009,80,19400,2989,6169,0.485,519,1321,0.393,2470,4848,0.509,1563,2034,0.768,844,2529,3373,1809,605,378,1199,1849,8060,Y,Y,N,N,N,60
Sacramento Kings,2009,80,19425,2916,6526,0.447,570,1554,0.367,2346,4972,0.472,1651,2064,0.8,821,2303,3124,1574,554,338,1183,1860,8053,N,N,N,N,N,16
Cleveland Cavaliers,2009,80,19275,2936,6278,0.468,638,1625,0.393,2298,4653,0.494,1486,1966,0.756,856,2517,3373,1618,577,423,953,1611,7996,Y,Y,Y,N,N,65
Portland Trail Blazers,2009,80,19350,2934,6332,0.463,577,1518,0.38,2357,4814,0.49,1491,1949,0.765,1041,2280,3321,1617,537,392,967,1636,7936,Y,N,N,N,N,52
Milwaukee Bucks,2009,80,19300,2930,6574,0.446,496,1367,0.363,2434,5207,0.467,1580,2025,0.78,947,2297,3244,1747,592,295,1094,1940,7936,N,N,N,N,N,33
Toronto Raptors,2009,80,19325,2971,6485,0.458,471,1262,0.373,2500,5223,0.479,1502,1819,0.826,764,2443,3207,1778,504,381,1026,1554,7915,N,N,N,N,N,31
Houston Rockets,2009,80,19325,2892,6370,0.454,612,1620,0.378,2280,4750,0.48,1504,1872,0.803,844,2595,3439,1622,537,343,1071,1519,7900,Y,Y,N,N,N,52
New Jersey Nets,2009,80,19350,2868,6377,0.45,639,1698,0.376,2229,4679,0.476,1505,1935,0.778,817,2357,3174,1606,547,377,981,1800,7880,N,N,N,N,N,33
Miami Heat,2009,80,19450,2964,6484,0.457,561,1574,0.356,2403,4910,0.489,1391,1838,0.757,801,2342,3143,1630,643,439,950,1654,7880,Y,N,N,N,N,42
Atlanta Hawks,2009,80,19225,2893,6304,0.459,587,1604,0.366,2306,4700,0.491,1502,2035,0.738,853,2351,3204,1626,592,367,975,1565,7875,Y,Y,N,N,N,46
Minnesota Timberwolves,2009,80,19325,2917,6608,0.441,526,1492,0.353,2391,5116,0.467,1475,1917,0.769,952,2384,3336,1630,499,322,1079,1737,7835,N,N,N,N,N,24
Philadelphia 76ers,2009,80,19250,2921,6378,0.458,335,1051,0.319,2586,5327,0.485,1601,2148,0.745,1016,2285,3301,1608,638,403,1081,1613,7778,Y,N,N,N,N,40
San Antonio Spurs,2009,80,19400,2963,6364,0.466,611,1579,0.387,2352,4785,0.492,1215,1591,0.764,704,2557,3261,1695,463,327,892,1501,7752,Y,N,N,N,N,52
Oklahoma City Thunder,2009,80,19325,2918,6545,0.446,322,925,0.348,2596,5620,0.462,1585,2018,0.785,979,2432,3411,1608,582,359,1248,1623,7743,N,N,N,N,N,22
New Orleans Hornets,2009,80,19250,2844,6205,0.458,546,1496,0.365,2298,4709,0.488,1459,1802,0.81,787,2398,3185,1575,583,334,941,1630,7693,Y,N,N,N,N,49
Washington Wizards,2009,80,19225,2919,6499,0.449,385,1163,0.331,2534,5336,0.475,1451,1894,0.766,934,2268,3202,1609,600,345,1070,1636,7674,N,N,N,N,N,19
Los Angeles Clippers,2009,80,19400,2885,6536,0.441,525,1475,0.356,2360,5061,0.466,1334,1807,0.738,878,2321,3199,1681,556,469,1128,1601,7629,N,N,N,N,N,19
Detroit Pistons,2009,80,19400,2911,6387,0.456,371,1052,0.353,2540,5335,0.476,1350,1795,0.752,919,2387,3306,1657,483,369,905,1672,7543,Y,N,N,N,N,39
Charlotte Bobcats,2009,80,19450,2809,6158,0.456,488,1321,0.369,2321,4837,0.48,1411,1904,0.741,870,2306,3176,1709,564,385,1195,1714,7517,N,N,N,N,N,35
Memphis Grizzlies,2009,80,19325,2788,6159,0.453,390,1083,0.36,2398,5076,0.472,1524,2016,0.756,834,2273,3107,1386,597,370,1138,1735,7490,N,N,N,N,N,23
Phoenix Suns,2010,80,19250,3261,6634,0.492,706,1719,0.411,2555,4915,0.52,1588,2056,0.772,889,2543,3432,1868,466,401,1132,1668,8816,Y,Y,Y,N,N,52
Golden State Warriors,2010,80,19250,3253,6922,0.47,614,1634,0.376,2639,5288,0.499,1586,2026,0.783,738,2337,3075,1797,740,332,1151,1849,8706,N,N,N,N,N,25
Denver Nuggets,2010,81,19540,3083,6581,0.468,538,1496,0.36,2545,5085,0.5,1924,2487,0.774,877,2483,3360,1704,676,412,1102,1818,8628,Y,N,N,N,N,53
Utah Jazz,2010,80,19275,3156,6410,0.492,427,1170,0.365,2729,5240,0.521,1619,2189,0.74,847,2511,3358,2141,660,395,1157,1810,8358,Y,Y,N,N,N,52
Toronto Raptors,2010,81,19540,3147,6551,0.48,511,1383,0.369,2636,5168,0.51,1598,2093,0.763,802,2478,3280,1776,460,379,1046,1799,8403,N,N,N,N,N,39
Memphis Grizzlies,2010,81,19665,3184,6790,0.469,343,1011,0.339,2841,5779,0.492,1588,2169,0.732,1059,2468,3527,1524,638,397,1178,1638,8299,N,N,N,N,N,40
Orlando Magic,2010,81,19490,2956,6312,0.468,830,2216,0.375,2126,4096,0.519,1559,2156,0.723,802,2705,3507,1594,508,454,1105,1611,8301,Y,Y,Y,N,N,58
Cleveland Cavaliers,2010,81,19540,3070,6318,0.486,601,1568,0.383,2469,4750,0.52,1549,2144,0.722,782,2666,3448,1817,553,423,1056,1573,8290,Y,Y,N,N,N,61
Houston Rockets,2010,81,19665,3047,6836,0.446,640,1819,0.352,2407,5017,0.48,1546,1997,0.774,962,2448,3410,1759,575,312,1122,1693,8280,N,N,N,N,N,42
Dallas Mavericks,2010,81,19640,3105,6675,0.465,552,1484,0.372,2553,5191,0.492,1506,1842,0.818,824,2549,3373,1895,616,442,1004,1548,8268,Y,N,N,N,N,54
New York Knicks,2010,81,19640,3088,6786,0.455,728,2112,0.345,2360,4674,0.505,1356,1733,0.782,818,2457,3275,1750,580,304,1086,1619,8260,N,N,N,N,N,29
Los Angeles Lakers,2010,80,19350,3069,6706,0.458,521,1531,0.34,2548,5175,0.492,1483,1936,0.766,943,2604,3547,1686,607,393,1036,1561,8142,Y,Y,Y,Y,Y,56
Atlanta Hawks,2010,81,19615,3138,6722,0.467,522,1444,0.361,2616,5278,0.496,1441,1897,0.76,960,2418,3378,1763,583,411,923,1610,8239,Y,Y,N,N,N,52
San Antonio Spurs,2010,81,19540,3113,6568,0.474,552,1525,0.362,2561,5043,0.508,1445,1949,0.741,876,2580,3456,1811,507,378,1051,1652,8223,Y,Y,N,N,N,50
Oklahoma City Thunder,2010,81,19565,3021,6550,0.461,408,1204,0.339,2613,5346,0.489,1758,2185,0.805,950,2575,3525,1614,650,472,1151,1718,8208,Y,N,N,N,N,49
Indiana Pacers,2010,81,19465,2987,6740,0.443,656,1874,0.35,2331,4866,0.479,1536,1987,0.773,772,2589,3361,1715,577,436,1153,1826,8166,N,N,N,N,N,32
New Orleans Hornets,2010,81,19590,3127,6762,0.462,562,1557,0.361,2565,5205,0.493,1281,1645,0.779,847,2418,3265,1800,619,298,1035,1589,8097,N,N,N,N,N,36
Sacramento Kings,2010,81,19640,3101,6805,0.456,477,1367,0.349,2624,5438,0.483,1421,1955,0.727,962,2492,3454,1652,554,363,1153,1806,8100,N,N,N,N,N,25
Boston Celtics,2010,80,19300,2968,6138,0.484,486,1396,0.348,2482,4742,0.523,1526,2045,0.746,701,2390,3091,1889,693,396,1135,1770,7948,Y,Y,Y,Y,N,50
Minnesota Timberwolves,2010,81,19540,3068,6846,0.448,400,1169,0.342,2668,5677,0.47,1417,1902,0.745,950,2529,3479,1603,591,299,1264,1675,7953,N,N,N,N,N,15
Portland Trail Blazers,2010,81,19615,2930,6366,0.46,481,1362,0.353,2449,5004,0.489,1588,2009,0.79,904,2349,3253,1642,520,348,931,1694,7929,Y,N,N,N,N,50
Milwaukee Bucks,2010,81,19740,3010,6919,0.435,635,1787,0.355,2375,5132,0.463,1248,1651,0.756,954,2530,3484,1715,574,383,1033,1803,7903,Y,N,N,N,N,45
Philadelphia 76ers,2010,81,19565,3044,6623,0.46,468,1362,0.344,2576,5261,0.49,1347,1784,0.755,932,2399,3331,1700,661,434,1127,1660,7903,N,N,N,N,N,27
Chicago Bulls,2010,80,19425,3005,6666,0.451,341,1037,0.329,2664,5629,0.473,1443,1913,0.754,913,2649,3562,1664,523,466,1095,1605,7794,Y,N,N,N,N,39
Miami Heat,2010,81,19590,2947,6425,0.459,486,1400,0.347,2461,5025,0.49,1440,1915,0.752,860,2519,3379,1533,595,449,997,1684,7820,Y,N,N,N,N,46
Washington Wizards,2010,81,19590,2971,6623,0.449,428,1210,0.354,2543,5413,0.47,1424,1868,0.762,957,2420,3377,1537,484,417,1138,1729,7794,N,N,N,N,N,25
Los Angeles Clippers,2010,81,19465,2960,6518,0.454,474,1434,0.331,2486,5084,0.489,1348,1848,0.729,918,2463,3381,1779,523,459,1212,1560,7742,N,N,N,N,N,28
Charlotte Bobcats,2010,81,19640,2826,6226,0.454,457,1317,0.347,2369,4909,0.483,1615,2154,0.75,849,2466,3315,1638,617,439,1207,1576,7724,Y,N,N,N,N,44
Detroit Pistons,2010,81,19540,2902,6523,0.445,370,1173,0.315,2532,5350,0.473,1432,1968,0.728,1041,2219,3260,1575,585,308,1024,1801,7606,N,N,N,N,N,26
New Jersey Nets,2010,81,19490,2784,6474,0.43,372,1166,0.319,2412,5308,0.454,1549,1983,0.781,882,2319,3201,1528,570,388,1089,1628,7489,N,N,N,N,N,12
Denver Nuggets,2011,81,19465,3106,6536,0.475,659,1690,0.39,2447,4846,0.505,1837,2403,0.764,783,2623,3406,1798,598,349,1115,1701,8708,Y,N,N,N,N,50
New York Knicks,2011,81,19540,3101,6782,0.457,758,2058,0.368,2343,4724,0.496,1672,2066,0.809,835,2445,3280,1735,617,470,1078,1727,8632,Y,N,N,N,N,42
Houston Rockets,2011,81,19640,3128,6891,0.454,665,1812,0.367,2463,5079,0.485,1643,2051,0.801,950,2513,3463,1923,576,368,1033,1623,8564,N,N,N,N,N,42
Phoenix Suns,2011,81,19765,3182,6752,0.471,693,1838,0.377,2489,4914,0.507,1448,1910,0.758,807,2446,3253,1922,542,354,1110,1638,8505,N,N,N,N,N,39
Oklahoma City Thunder,2011,81,19740,3024,6521,0.464,479,1383,0.346,2545,5138,0.495,1963,2383,0.824,890,2565,3455,1646,645,480,1081,1816,8490,Y,Y,Y,N,N,55
San Antonio Spurs,2011,81,19540,3113,6546,0.476,680,1706,0.399,2433,4840,0.503,1493,1947,0.767,817,2564,3381,1817,600,368,1046,1531,8399,Y,N,N,N,N,61
Golden State Warriors,2011,81,19590,3206,6959,0.461,675,1726,0.391,2531,5233,0.484,1280,1680,0.762,946,2338,3284,1814,722,399,1146,1785,8367,N,N,N,N,N,35
Miami Heat,2011,81,19540,2994,6220,0.481,534,1453,0.368,2460,4767,0.516,1750,2274,0.77,777,2639,3416,1619,538,429,1070,1656,8272,Y,Y,Y,Y,N,57
Los Angeles Lakers,2011,81,19565,3083,6666,0.462,518,1471,0.352,2565,5195,0.494,1521,1957,0.777,985,2577,3562,1771,594,418,1021,1538,8205,Y,Y,N,N,N,56
Minnesota Timberwolves,2011,81,19540,3049,6922,0.44,585,1552,0.377,2464,5370,0.459,1503,1956,0.768,1073,2526,3599,1630,583,420,1341,1803,8186,N,N,N,N,N,17
Indiana Pacers,2011,81,19540,2976,6699,0.444,576,1628,0.354,2400,5071,0.473,1581,2019,0.783,905,2631,3536,1595,573,455,1193,1759,8109,Y,N,N,N,N,37
Dallas Mavericks,2011,81,19465,3029,6390,0.474,632,1740,0.363,2397,4650,0.515,1409,1816,0.776,774,2582,3356,1922,550,351,1093,1558,8099,Y,Y,Y,Y,Y,56
Memphis Grizzlies,2011,81,19640,3164,6717,0.471,302,911,0.332,2862,5806,0.493,1462,1953,0.749,957,2365,3322,1666,763,437,1080,1681,8092,Y,Y,N,N,N,46
Orlando Magic,2011,81,19590,2924,6338,0.461,762,2077,0.367,2162,4261,0.507,1433,2076,0.69,852,2636,3488,1619,540,380,1152,1622,8043,Y,N,N,N,N,51
Utah Jazz,2011,81,19640,3025,6513,0.464,427,1241,0.344,2598,5272,0.493,1569,2035,0.771,888,2311,3199,1896,618,479,1098,1845,8046,N,N,N,N,N,38
Sacramento Kings,2011,81,19590,3089,6880,0.449,421,1253,0.336,2668,5627,0.474,1444,1962,0.736,1055,2489,3544,1651,603,385,1270,1785,8043,N,N,N,N,N,24
Toronto Raptors,2011,81,19540,3116,6691,0.466,344,1083,0.318,2772,5608,0.494,1469,1942,0.756,953,2320,3273,1779,573,342,1135,1792,8045,N,N,N,N,N,22
Philadelphia 76ers,2011,81,19690,3086,6685,0.462,435,1224,0.355,2651,5461,0.485,1412,1835,0.769,841,2547,3388,1834,615,349,993,1570,8019,Y,N,N,N,N,41
Chicago Bulls,2011,81,19590,3008,6508,0.462,504,1394,0.362,2504,5114,0.49,1470,1981,0.742,952,2624,3576,1804,589,459,1091,1619,7990,Y,Y,Y,N,N,61
Los Angeles Clippers,2011,81,19615,2971,6513,0.456,510,1504,0.339,2461,5009,0.491,1527,2160,0.707,943,2476,3419,1777,569,395,1256,1707,7979,N,N,N,N,N,31
Washington Wizards,2011,81,19690,3009,6798,0.443,388,1170,0.332,2621,5628,0.466,1478,1984,0.745,996,2347,3343,1568,654,492,1193,1825,7884,N,N,N,N,N,23
Detroit Pistons,2011,81,19640,3019,6571,0.459,466,1239,0.376,2553,5332,0.479,1343,1823,0.737,927,2199,3126,1704,590,323,990,1612,7847,N,N,N,N,N,29
Portland Trail Blazers,2011,81,19565,2923,6516,0.449,507,1477,0.343,2416,5039,0.479,1457,1810,0.805,979,2199,3178,1718,654,357,999,1570,7810,Y,N,N,N,N,48
Boston Celtics,2011,81,19540,2975,6134,0.485,400,1102,0.363,2575,5032,0.512,1451,1882,0.771,634,2507,3141,1902,667,343,1100,1657,7801,Y,Y,N,N,N,55
Cleveland Cavaliers,2011,81,19515,2851,6564,0.434,504,1468,0.343,2347,5096,0.461,1521,2046,0.743,843,2422,3265,1697,541,335,1112,1635,7727,N,N,N,N,N,18
Atlanta Hawks,2011,81,19490,2937,6350,0.463,501,1419,0.353,2436,4931,0.494,1330,1708,0.779,752,2433,3185,1786,494,334,1034,1539,7705,Y,Y,N,N,N,44
New Orleans Hornets,2011,81,19590,2910,6337,0.459,438,1218,0.36,2472,5119,0.483,1437,1880,0.764,819,2438,3257,1668,617,358,988,1691,7695,Y,N,N,N,N,46
New Jersey Nets,2011,81,19765,2882,6558,0.439,453,1322,0.343,2429,5236,0.464,1413,1865,0.758,901,2413,3314,1702,452,378,1058,1788,7630,N,N,N,N,N,24
Charlotte Bobcats,2011,81,19565,2833,6285,0.451,390,1193,0.327,2443,5092,0.48,1498,1983,0.755,841,2414,3255,1701,517,426,1115,1621,7554,N,N,N,N,N,33
Milwaukee Bucks,2011,81,19565,2774,6456,0.43,476,1396,0.341,2298,5060,0.454,1400,1854,0.755,854,2454,3308,1523,602,393,1013,1667,7424,N,N,N,N,N,34
Oklahoma City Thunder,2013,80,19350,3047,6323,0.482,590,1544,0.382,2457,4779,0.514,1792,2162,0.829,824,2662,3486,1714,661,616,1183,1622,8476,Y,Y,N,N,N,59
Houston Rockets,2013,79,19035,3001,6523,0.46,835,2280,0.366,2166,4243,0.51,1523,2016,0.755,886,2540,3426,1832,657,331,1252,1596,8360,Y,N,N,N,N,44
Denver Nuggets,2013,79,19185,3210,6724,0.477,503,1466,0.343,2707,5258,0.515,1433,2055,0.697,1050,2492,3542,1923,734,513,1151,1623,8356,Y,N,N,N,N,54
San Antonio Spurs,2013,79,19160,3099,6409,0.484,642,1704,0.377,2457,4705,0.522,1321,1671,0.791,642,2620,3262,1983,666,435,1119,1364,8161,Y,Y,Y,Y,N,58
Miami Heat,2013,79,19160,3037,6134,0.495,686,1735,0.395,2351,4399,0.534,1370,1800,0.761,656,2387,3043,1811,694,413,1045,1469,8130,Y,Y,Y,Y,Y,63
Los Angeles Lakers,2013,80,19250,2977,6465,0.46,696,1956,0.356,2281,4509,0.506,1541,2224,0.693,909,2650,3559,1773,564,416,1175,1436,8191,Y,N,N,N,N,43
Los Angeles Clippers,2013,79,19010,3042,6361,0.478,602,1685,0.357,2440,4676,0.522,1307,1837,0.711,901,2372,3273,1885,760,446,1098,1664,7993,Y,N,N,N,N,53
Dallas Mavericks,2013,79,19260,3061,6648,0.46,582,1572,0.37,2479,5076,0.488,1286,1625,0.791,743,2580,3323,1837,623,440,1073,1637,7990,N,N,N,N,N,39
Golden State Warriors,2013,80,19325,3044,6662,0.457,640,1591,0.402,2404,5071,0.474,1353,1713,0.79,862,2719,3581,1798,551,336,1177,1719,8081,Y,Y,N,N,N,45
Sacramento Kings,2013,79,19110,2969,6628,0.448,586,1603,0.366,2383,5025,0.474,1392,1806,0.771,904,2290,3194,1642,648,328,1111,1661,7916,N,N,N,N,N,28
New York Knicks,2013,79,19010,2888,6437,0.449,857,2279,0.376,2031,4158,0.488,1280,1689,0.758,863,2356,3219,1516,648,288,917,1595,7913,Y,Y,N,N,N,52
Milwaukee Bucks,2013,79,19110,3016,6925,0.436,570,1579,0.361,2446,5346,0.458,1215,1647,0.738,1024,2448,3472,1810,664,538,1082,1499,7817,Y,N,N,N,N,37
Utah Jazz,2013,80,19400,2985,6555,0.455,501,1364,0.367,2484,5191,0.479,1401,1834,0.764,969,2389,3358,1823,673,507,1142,1714,7872,N,N,N,N,N,42
Atlanta Hawks,2013,80,19375,3012,6466,0.466,695,1852,0.375,2317,4614,0.502,1125,1579,0.712,729,2527,3256,1971,649,366,1146,1439,7844,Y,N,N,N,N,44
Portland Trail Blazers,2013,79,19135,2906,6478,0.449,648,1839,0.352,2258,4639,0.487,1261,1625,0.776,851,2385,3236,1722,525,345,1116,1468,7721,N,N,N,N,N,33
Brooklyn Nets,2013,79,19135,2826,6287,0.449,605,1691,0.358,2221,4596,0.483,1391,1889,0.736,1006,2380,3386,1605,565,381,1096,1438,7648,Y,N,N,N,N,47
Toronto Raptors,2013,79,19260,2863,6445,0.444,543,1602,0.339,2320,4843,0.479,1382,1755,0.787,842,2314,3156,1696,579,376,1045,1783,7651,N,N,N,N,N,31
Cleveland Cavaliers,2013,79,19010,2884,6650,0.434,529,1529,0.346,2355,5121,0.46,1346,1774,0.759,974,2267,3241,1628,625,320,1064,1679,7643,N,N,N,N,N,24
Boston Celtics,2013,79,19360,2916,6294,0.463,481,1357,0.354,2435,4937,0.493,1295,1666,0.777,638,2473,3111,1797,650,359,1100,1680,7608,Y,N,N,N,N,40
Minnesota Timberwolves,2013,79,19010,2828,6453,0.438,430,1414,0.304,2398,5039,0.476,1472,1989,0.74,951,2376,3327,1770,665,376,1117,1460,7558,N,N,N,N,N,29
Phoenix Suns,2013,79,19085,2937,6645,0.442,457,1387,0.329,2480,5258,0.472,1164,1564,0.744,923,2365,3288,1769,630,417,1175,1629,7495,N,N,N,N,N,24
Indiana Pacers,2013,79,19110,2781,6380,0.436,541,1545,0.35,2240,4835,0.463,1396,1862,0.75,1017,2610,3627,1608,566,506,1136,1590,7499,Y,Y,Y,N,N,49
Detroit Pistons,2013,80,19325,2901,6477,0.448,503,1402,0.359,2398,5075,0.473,1265,1816,0.697,969,2403,3372,1702,550,392,1157,1578,7570,N,N,N,N,N,28
Orlando Magic,2013,79,19060,2987,6670,0.448,497,1499,0.332,2490,5171,0.482,982,1286,0.764,855,2527,3382,1809,510,347,1100,1539,7453,N,N,N,N,N,20
New Orleans Hornets,2013,80,19300,2891,6418,0.45,522,1441,0.362,2369,4977,0.476,1234,1590,0.776,943,2366,3309,1688,511,435,1094,1644,7538,N,N,N,N,N,27
Memphis Grizzlies,2013,79,19085,2858,6432,0.444,365,1060,0.344,2493,5372,0.464,1302,1681,0.775,1012,2342,3354,1650,680,420,1042,1594,7383,Y,Y,N,N,N,54
Washington Wizards,2013,80,19375,2833,6531,0.434,534,1468,0.364,2299,5063,0.454,1251,1709,0.732,869,2589,3458,1734,583,365,1172,1641,7451,N,N,N,N,N,29
Chicago Bulls,2013,79,19110,2818,6463,0.436,419,1204,0.348,2399,5259,0.456,1296,1675,0.774,995,2420,3415,1811,570,410,1077,1540,7351,Y,Y,N,N,N,43
Charlotte Bobcats,2013,79,19085,2706,6422,0.421,450,1352,0.333,2256,5070,0.445,1493,1992,0.749,895,2282,3177,1501,573,464,1034,1514,7355,N,N,N,N,N,18
Philadelphia 76ers,2013,79,19035,2939,6637,0.443,496,1376,0.36,2443,5261,0.464,969,1331,0.728,863,2406,3269,1799,581,364,990,1455,7343,N,N,N,N,N,32
Los Angeles Clippers,2014,80,19275,3130,6594,0.475,676,1908,0.354,2454,4686,0.524,1693,2321,0.729,843,2600,3443,1967,688,389,1069,1726,8629,Y,Y,N,N,N,56
Houston Rockets,2014,80,19350,3045,6437,0.473,761,2127,0.358,2284,4310,0.53,1774,2496,0.711,896,2730,3626,1714,614,455,1244,1644,8625,Y,N,N,N,N,53
Portland Trail Blazers,2014,80,19350,3122,6947,0.449,750,2021,0.371,2372,4926,0.482,1530,1872,0.817,991,2706,3697,1849,442,382,1070,1541,8524,Y,Y,N,N,N,52
Minnesota Timberwolves,2014,79,19085,3071,6909,0.444,577,1695,0.34,2494,5214,0.478,1696,2184,0.777,991,2548,3539,1876,693,284,1059,1444,8415,N,N,N,N,N,40
Oklahoma City Thunder,2014,79,19085,3089,6535,0.473,643,1756,0.366,2446,4779,0.512,1586,1970,0.805,844,2700,3544,1729,650,486,1177,1790,8407,Y,Y,Y,N,N,58
San Antonio Spurs,2014,80,19275,3246,6656,0.488,684,1710,0.4,2562,4946,0.518,1265,1614,0.784,744,2712,3456,2015,598,412,1138,1453,8441,Y,Y,Y,Y,Y,62
Phoenix Suns,2014,80,19275,3094,6679,0.463,752,2009,0.374,2342,4670,0.501,1494,1968,0.759,913,2546,3459,1532,667,363,1193,1757,8434,N,N,N,N,N,47
Dallas Mavericks,2014,81,19565,3205,6766,0.474,713,1847,0.386,2492,4919,0.507,1369,1722,0.795,825,2490,3315,1913,693,352,1069,1613,8492,Y,N,N,N,N,49
Denver Nuggets,2014,80,19275,3075,6876,0.447,685,1896,0.361,2390,4980,0.48,1507,2089,0.721,987,2654,3641,1795,601,451,1222,1836,8342,N,N,N,N,N,36
Golden State Warriors,2014,79,19085,3099,6723,0.461,734,1940,0.378,2365,4783,0.494,1254,1661,0.755,860,2721,3581,1832,607,399,1182,1707,8186,Y,N,N,N,N,49
Los Angeles Lakers,2014,79,18985,3014,6727,0.448,742,1954,0.38,2272,4773,0.476,1350,1785,0.756,725,2522,3247,1917,587,433,1176,1579,8120,N,N,N,N,N,25
Miami Heat,2014,80,19400,3076,6119,0.503,648,1772,0.366,2428,4347,0.559,1400,1846,0.758,613,2346,2959,1808,713,362,1135,1565,8200,Y,Y,Y,Y,N,54
Toronto Raptors,2014,79,19235,2879,6476,0.445,681,1833,0.372,2198,4643,0.473,1548,1976,0.783,900,2453,3353,1670,549,335,1053,1805,7987,Y,N,N,N,N,46
Atlanta Hawks,2014,80,19350,2986,6533,0.457,752,2062,0.365,2234,4471,0.5,1354,1733,0.781,704,2505,3209,1985,661,321,1171,1538,8078,Y,N,N,N,N,37
Detroit Pistons,2014,80,19300,3105,6957,0.446,494,1541,0.321,2611,5416,0.482,1364,2032,0.671,1160,2465,3625,1669,675,388,1112,1609,8068,N,N,N,N,N,29
Sacramento Kings,2014,80,19350,2948,6598,0.447,481,1439,0.334,2467,5159,0.478,1659,2180,0.761,969,2576,3545,1503,573,309,1171,1806,8036,N,N,N,N,N,27
Washington Wizards,2014,80,19575,3081,6754,0.456,627,1657,0.378,2454,5097,0.481,1233,1683,0.733,872,2509,3381,1847,653,372,1126,1636,8022,Y,Y,N,N,N,42
New Orleans Pelicans,2014,80,19375,3023,6600,0.458,471,1262,0.373,2552,5338,0.478,1454,1886,0.771,912,2426,3338,1702,629,508,1047,1821,7971,N,N,N,N,N,32
Philadelphia 76ers,2014,80,19375,3027,6997,0.433,564,1812,0.311,2463,5185,0.475,1324,1864,0.71,935,2493,3428,1742,740,317,1316,1801,7942,N,N,N,N,N,17
Brooklyn Nets,2014,79,19160,2834,6164,0.46,679,1843,0.368,2155,4321,0.499,1452,1925,0.754,689,2322,3011,1645,675,304,1087,1719,7799,Y,Y,N,N,N,43
New York Knicks,2014,79,19135,2921,6510,0.449,731,1975,0.37,2190,4535,0.483,1207,1590,0.759,844,2355,3199,1597,599,351,976,1739,7780,N,N,N,N,N,34
Cleveland Cavaliers,2014,81,19690,2990,6868,0.435,576,1620,0.356,2414,5248,0.46,1384,1844,0.751,976,2591,3567,1706,569,297,1093,1622,7940,N,N,N,N,N,32
Charlotte Bobcats,2014,80,19400,2907,6565,0.443,505,1425,0.354,2402,5140,0.467,1437,1943,0.74,752,2647,3399,1728,488,412,936,1459,7756,N,N,N,N,N,41
Orlando Magic,2014,79,19235,2919,6559,0.445,543,1546,0.351,2376,5013,0.474,1264,1657,0.763,773,2572,3345,1664,604,337,1120,1612,7645,N,N,N,N,N,23
Indiana Pacers,2014,80,19300,2870,6413,0.448,530,1499,0.354,2340,4914,0.476,1460,1873,0.779,809,2758,3567,1602,542,440,1152,1637,7730,Y,Y,Y,N,N,54
Boston Celtics,2014,80,19250,2917,6713,0.435,559,1675,0.334,2358,5038,0.468,1289,1657,0.778,957,2451,3408,1676,568,338,1152,1704,7682,N,N,N,N,N,25
Memphis Grizzlies,2014,79,19060,2997,6470,0.463,386,1097,0.352,2611,5373,0.486,1199,1613,0.743,904,2430,3334,1718,609,366,1009,1522,7579,Y,N,N,N,N,47
Milwaukee Bucks,2014,80,19400,2874,6587,0.436,535,1525,0.351,2339,5062,0.462,1343,1796,0.748,954,2341,3295,1714,529,395,1136,1671,7626,N,N,N,N,N,15
Utah Jazz,2014,80,19250,2856,6463,0.442,531,1534,0.346,2325,4929,0.472,1308,1754,0.746,873,2411,3284,1609,555,353,1109,1649,7551,N,N,N,N,N,24
Chicago Bulls,2014,79,19185,2741,6340,0.432,489,1402,0.349,2252,4938,0.456,1426,1829,0.78,911,2584,3495,1789,575,416,1113,1505,7397,Y,N,N,N,N,47
Golden State Warriors,2015,80,19250,3324,6973,0.477,857,2165,0.396,2467,4808,0.513,1267,1648,0.769,833,2754,3587,2188,742,483,1122,1581,8772,Y,Y,Y,Y,Y,65
Los Angeles Clippers,2015,80,19250,3149,6661,0.473,805,2143,0.376,2344,4518,0.519,1426,2012,0.709,760,2644,3404,1980,623,396,942,1714,8529,Y,Y,N,N,N,54
Dallas Mavericks,2015,80,19400,3182,6868,0.463,714,2037,0.351,2468,4831,0.511,1344,1786,0.753,834,2537,3371,1810,650,362,999,1606,8422,Y,N,N,N,N,49
Toronto Raptors,2015,80,19375,3035,6672,0.455,705,2003,0.352,2330,4669,0.499,1567,1990,0.787,869,2463,3332,1657,598,345,971,1678,8342,Y,N,N,N,N,48
Houston Rockets,2015,80,19325,2956,6671,0.443,912,2617,0.348,2044,4054,0.504,1481,2073,0.714,944,2540,3484,1773,759,384,1279,1766,8305,Y,Y,Y,N,N,54
Oklahoma City Thunder,2015,80,19350,3093,6928,0.446,616,1815,0.339,2477,5113,0.484,1483,1962,0.756,1016,2776,3792,1645,580,442,1129,1785,8285,N,N,N,N,N,43
San Antonio Spurs,2015,81,19715,3163,6775,0.467,674,1837,0.367,2489,4938,0.504,1358,1741,0.78,802,2740,3542,1967,655,441,1089,1544,8358,Y,N,N,N,N,55
Portland Trail Blazers,2015,80,19375,3099,6875,0.451,792,2183,0.363,2307,4692,0.492,1251,1562,0.801,864,2816,3680,1757,517,364,1056,1451,8241,Y,N,N,N,N,51
Cleveland Cavaliers,2015,80,19275,3003,6563,0.458,793,2191,0.362,2210,4372,0.505,1436,1905,0.754,887,2547,3434,1755,591,329,1092,1474,8235,Y,Y,Y,Y,N,51
Atlanta Hawks,2015,80,19250,3046,6519,0.467,799,2091,0.382,2247,4428,0.507,1325,1705,0.777,693,2554,3247,2069,724,367,1080,1421,8216,Y,Y,Y,N,N,60
Phoenix Suns,2015,81,19640,3139,6958,0.451,687,2022,0.34,2452,4936,0.497,1331,1747,0.762,885,2615,3500,1634,692,382,1177,1728,8296,N,N,N,N,N,39
Boston Celtics,2015,80,19400,3113,7027,0.443,641,1964,0.326,2472,5063,0.488,1245,1649,0.755,885,2622,3507,1948,658,283,1058,1703,8112,Y,N,N,N,N,38
Denver Nuggets,2015,80,19400,3016,6974,0.432,642,1981,0.324,2374,4993,0.475,1417,1933,0.733,978,2589,3567,1742,624,363,1101,1830,8091,N,N,N,N,N,30
Sacramento Kings,2015,80,19375,2929,6461,0.453,449,1317,0.341,2480,5144,0.482,1779,2323,0.766,884,2656,3540,1615,536,314,1260,1666,8086,N,N,N,N,N,27
Chicago Bulls,2015,80,19400,2926,6632,0.441,626,1771,0.353,2300,4861,0.473,1583,2024,0.782,943,2712,3655,1741,496,459,1052,1465,8061,Y,Y,N,N,N,48
New Orleans Pelicans,2015,80,19300,3028,6628,0.457,575,1552,0.37,2453,5076,0.483,1308,1741,0.751,925,2564,3489,1768,536,494,1015,1489,7939,Y,N,N,N,N,43
Los Angeles Lakers,2015,80,19450,2978,6830,0.436,521,1507,0.346,2457,5323,0.462,1405,1897,0.741,919,2585,3504,1674,564,355,1010,1687,7882,N,N,N,N,N,21
Washington Wizards,2015,80,19400,3060,6589,0.464,482,1335,0.361,2578,5254,0.491,1275,1720,0.741,834,2720,3554,1921,585,371,1155,1672,7877,Y,Y,N,N,N,46
Detroit Pistons,2015,80,19350,2962,6874,0.431,684,1992,0.343,2278,4882,0.467,1260,1791,0.704,1032,2574,3606,1730,605,376,1018,1529,7868,N,N,N,N,N,31
Memphis Grizzlies,2015,80,19425,3020,6589,0.458,416,1222,0.34,2604,5367,0.485,1404,1818,0.772,822,2576,3398,1741,679,340,1037,1528,7860,Y,Y,N,N,N,54
Brooklyn Nets,2015,80,19450,2998,6637,0.452,529,1597,0.331,2469,5040,0.49,1326,1772,0.748,827,2564,3391,1679,566,332,1076,1553,7851,Y,N,N,N,N,37
Milwaukee Bucks,2015,80,19450,3002,6552,0.458,534,1470,0.363,2468,5082,0.486,1278,1682,0.76,848,2515,3363,1874,769,394,1274,1772,7816,Y,N,N,N,N,40
Minnesota Timberwolves,2015,80,19325,2916,6658,0.438,396,1190,0.333,2520,5468,0.461,1587,2047,0.775,927,2346,3273,1730,655,313,1145,1526,7815,N,N,N,N,N,16
Indiana Pacers,2015,80,19325,2926,6641,0.441,595,1686,0.353,2331,4955,0.47,1352,1785,0.757,829,2757,3586,1720,493,358,1068,1699,7799,N,N,N,N,N,37
Orlando Magic,2015,80,19275,3003,6628,0.453,541,1557,0.347,2462,5071,0.486,1119,1524,0.734,801,2545,3346,1660,631,306,1150,1670,7666,N,N,N,N,N,25
Utah Jazz,2015,80,19225,2821,6309,0.447,594,1726,0.344,2227,4583,0.486,1365,1885,0.724,962,2551,3513,1585,601,477,1138,1543,7601,N,N,N,N,N,37
Miami Heat,2015,80,19250,2807,6158,0.456,541,1618,0.334,2266,4540,0.499,1404,1897,0.74,724,2392,3116,1583,630,361,1110,1600,7559,N,N,N,N,N,35
Charlotte Hornets,2015,80,19425,2849,6778,0.42,473,1501,0.315,2376,5277,0.45,1373,1834,0.749,805,2729,3534,1616,483,440,889,1467,7544,N,N,N,N,N,33
Philadelphia 76ers,2015,80,19325,2695,6613,0.408,681,2103,0.324,2014,4510,0.447,1273,1894,0.672,951,2478,3429,1635,771,476,1341,1729,7344,N,N,N,N,N,18
New York Knicks,2015,80,19375,2806,6572,0.427,540,1570,0.344,2266,5002,0.453,1181,1529,0.772,846,2385,3231,1694,562,372,1092,1731,7333,N,N,N,N,N,16
Golden State Warriors,2016,81,19640,3443,7072,0.487,1057,2545,0.415,2386,4527,0.527,1353,1774,0.763,804,2933,3737,2338,682,491,1202,1687,9296,Y,Y,Y,Y,N,72
Oklahoma City Thunder,2016,82,19830,3372,7082,0.476,678,1945,0.349,2694,5137,0.524,1616,2067,0.782,1071,2916,3987,1883,603,487,1269,1691,9038,Y,Y,N,N,N,55
Sacramento Kings,2016,81,19565,3251,6987,0.465,649,1802,0.36,2602,5185,0.502,1508,2076,0.726,853,2726,3579,1988,722,364,1257,1659,8659,N,N,N,N,N,33
Houston Rockets,2016,81,19590,3047,6750,0.451,868,2498,0.347,2179,4252,0.512,1659,2388,0.695,916,2560,3476,1788,810,423,1236,1775,8621,Y,N,N,N,N,40
Boston Celtics,2016,81,19540,3179,7232,0.44,712,2128,0.335,2467,5104,0.483,1501,1907,0.787,940,2704,3644,1961,745,345,1097,1776,8571,Y,N,N,N,N,47
Portland Trail Blazers,2016,81,19565,3128,6951,0.45,853,2300,0.371,2275,4651,0.489,1406,1867,0.753,935,2750,3685,1729,551,372,1139,1763,8515,Y,Y,N,N,N,43
Los Angeles Clippers,2016,81,19590,3098,6663,0.465,788,2159,0.365,2310,4504,0.513,1480,2140,0.692,715,2693,3408,1850,700,454,1001,1726,8464,Y,N,N,N,N,53
Cleveland Cavaliers,2016,81,19590,3125,6791,0.46,873,2410,0.362,2252,4381,0.514,1322,1768,0.748,865,2742,3607,1840,547,310,1046,1643,8445,Y,Y,Y,Y,Y,57
Washington Wizards,2016,81,19515,3196,6945,0.46,700,1955,0.358,2496,4990,0.5,1333,1819,0.733,732,2648,3380,1980,694,319,1119,1686,8425,N,N,N,N,N,40
San Antonio Spurs,2016,81,19465,3254,6723,0.484,564,1495,0.377,2690,5228,0.515,1322,1646,0.803,762,2797,3559,1986,669,482,1014,1414,8394,Y,Y,N,N,N,66
Charlotte Hornets,2016,81,19615,2989,6836,0.437,862,2381,0.362,2127,4455,0.477,1522,1922,0.792,729,2828,3557,1746,589,433,964,1473,8362,Y,N,N,N,N,47
Atlanta Hawks,2016,81,19590,3136,6842,0.458,804,2297,0.35,2332,4545,0.513,1259,1607,0.783,670,2734,3404,2078,734,481,1169,1549,8335,Y,Y,N,N,N,48
Toronto Raptors,2016,81,19540,2965,6576,0.451,695,1878,0.37,2270,4698,0.483,1694,2175,0.779,820,2683,3503,1512,631,439,985,1598,8319,Y,Y,Y,N,N,55
New Orleans Pelicans,2016,81,19540,3113,6948,0.448,691,1921,0.36,2422,5027,0.482,1397,1801,0.776,772,2689,3461,1787,626,342,1053,1697,8314,N,N,N,N,N,30
Dallas Mavericks,2016,81,19765,3033,6823,0.445,794,2303,0.345,2239,4520,0.495,1437,1810,0.794,740,2751,3491,1793,552,304,999,1572,8297,Y,N,N,N,N,42
Indiana Pacers,2016,81,19640,3103,6895,0.45,652,1865,0.35,2451,5030,0.487,1422,1862,0.764,835,2743,3578,1713,734,388,1159,1627,8280,Y,N,N,N,N,44
Orlando Magic,2016,81,19665,3200,7029,0.455,628,1791,0.351,2572,5238,0.491,1238,1631,0.759,838,2675,3513,1911,666,413,1105,1683,8266,N,N,N,N,N,35
Denver Nuggets,2016,81,19590,3053,6909,0.442,649,1918,0.338,2404,4991,0.482,1501,1956,0.767,921,2685,3606,1834,599,389,1142,1704,8256,N,N,N,N,N,33
Minnesota Timberwolves,2016,81,19640,3039,6582,0.462,442,1319,0.335,2597,5263,0.493,1734,2190,0.792,816,2549,3365,1875,642,367,1164,1676,8254,N,N,N,N,N,28
Detroit Pistons,2016,81,19615,3074,7002,0.439,724,2115,0.342,2350,4887,0.481,1377,2067,0.666,1012,2739,3751,1570,568,293,1051,1542,8249,Y,N,N,N,N,43
Chicago Bulls,2016,81,19665,3126,7087,0.441,636,1729,0.368,2490,5358,0.465,1332,1693,0.787,891,2852,3743,1843,487,462,1076,1532,8220,N,N,N,N,N,41
Phoenix Suns,2016,81,19465,3006,6919,0.434,731,2092,0.349,2275,4827,0.471,1414,1883,0.751,925,2693,3618,1675,622,308,1342,1843,8157,N,N,N,N,N,22
Miami Heat,2016,81,19590,3112,6609,0.471,496,1461,0.339,2616,5148,0.508,1396,1877,0.744,793,2781,3574,1695,548,521,1077,1481,8116,Y,Y,N,N,N,48
Milwaukee Bucks,2016,81,19590,3108,6653,0.467,433,1254,0.345,2675,5399,0.495,1381,1850,0.746,851,2523,3374,1872,664,472,1185,1680,8030,N,N,N,N,N,33
Memphis Grizzlies,2016,81,19590,2977,6761,0.44,496,1497,0.331,2481,5264,0.471,1572,2008,0.783,903,2470,3373,1672,712,349,1028,1765,8022,Y,N,N,N,N,42
Brooklyn Nets,2016,81,19515,3097,6831,0.453,521,1482,0.352,2576,5349,0.482,1278,1687,0.758,858,2580,3438,1803,619,324,1166,1459,7993,N,N,N,N,N,21
New York Knicks,2016,82,19805,3022,6886,0.439,610,1762,0.346,2412,5124,0.471,1411,1753,0.805,850,2788,3638,1682,467,466,1038,1616,8065,N,N,N,N,N,32
Utah Jazz,2016,81,19715,2918,6510,0.448,685,1926,0.356,2233,4584,0.487,1393,1870,0.745,872,2635,3507,1528,621,424,1149,1639,7914,N,N,N,N,N,40
Los Angeles Lakers,2016,81,19490,2839,6871,0.413,633,1991,0.318,2206,4880,0.452,1570,2013,0.78,870,2606,3476,1459,587,334,1054,1645,7881,N,N,N,N,N,16
Philadelphia 76ers,2016,81,19565,2933,6806,0.431,747,2220,0.336,2186,4586,0.477,1270,1832,0.693,773,2578,3351,1737,670,488,1266,1756,7883,N,N,N,N,N,10
Golden State Warriors,2017,82,19780,3532,7140,0.495,982,2562,0.383,2550,4578,0.557,1457,1850,0.788,770,2873,3643,2491,785,555,1182,1585,9503,Y,Y,Y,Y,Y,67
Houston Rockets,2017,82,19780,3305,7152,0.462,1181,3306,0.357,2124,3846,0.552,1667,2177,0.766,892,2746,3638,2070,670,352,1188,1634,9458,Y,Y,N,N,N,55
Denver Nuggets,2017,82,19755,3377,7194,0.469,870,2365,0.368,2507,4829,0.519,1537,1986,0.774,966,2837,3803,2077,568,323,1186,1567,9161,N,N,N,N,N,40
Cleveland Cavaliers,2017,82,19880,3275,6963,0.47,1067,2779,0.384,2208,4184,0.528,1431,1913,0.748,766,2821,3587,1858,539,327,1081,1486,9048,Y,Y,Y,Y,N,51
Washington Wizards,2017,82,19855,3388,7137,0.475,756,2030,0.372,2632,5107,0.515,1421,1812,0.784,843,2671,3514,1956,693,336,1103,1745,8953,Y,Y,N,N,N,49
Los Angeles Clippers,2017,82,19755,3242,6820,0.475,841,2245,0.375,2401,4575,0.525,1586,2128,0.745,738,2790,3528,1848,612,347,1022,1626,8911,Y,N,N,N,N,51
Boston Celtics,2017,82,19755,3168,6978,0.454,985,2742,0.359,2183,4236,0.515,1536,1903,0.807,744,2698,3442,2069,617,340,1037,1686,8857,Y,Y,Y,N,N,53
Portland Trail Blazers,2017,82,19930,3243,7059,0.459,852,2272,0.375,2391,4787,0.499,1513,1940,0.78,830,2750,3580,1733,574,408,1077,1736,8851,Y,N,N,N,N,41
Phoenix Suns,2017,82,19830,3270,7260,0.45,615,1854,0.332,2655,5406,0.491,1676,2159,0.776,976,2712,3688,1604,673,399,1223,2030,8831,N,N,N,N,N,24
Toronto Raptors,2017,82,19780,3211,6918,0.464,725,1996,0.363,2486,4922,0.505,1615,2028,0.796,871,2676,3547,1517,677,400,969,1708,8762,Y,Y,N,N,N,51
Oklahoma City Thunder,2017,82,19805,3237,7169,0.452,692,2116,0.327,2545,5053,0.504,1575,2113,0.745,1002,2821,3823,1721,648,408,1199,1715,8741,Y,N,N,N,N,47
Brooklyn Nets,2017,82,19755,3102,6987,0.444,877,2591,0.338,2225,4396,0.506,1592,2020,0.788,721,2879,3600,1756,593,387,1307,1726,8673,N,N,N,N,N,20
Minnesota Timberwolves,2017,82,19805,3235,6922,0.467,601,1723,0.349,2634,5199,0.507,1586,1986,0.799,938,2540,3478,1940,654,370,1099,1646,8657,N,N,N,N,N,31
San Antonio Spurs,2017,82,19805,3222,6864,0.469,753,1927,0.391,2469,4937,0.5,1440,1806,0.797,821,2777,3598,1954,655,484,1057,1498,8637,Y,Y,Y,N,N,61
Indiana Pacers,2017,82,19855,3221,6931,0.465,709,1885,0.376,2512,5046,0.498,1467,1811,0.81,742,2702,3444,1844,669,409,1087,1597,8618,Y,N,N,N,N,42
Charlotte Hornets,2017,82,19830,3093,7000,0.442,824,2347,0.351,2269,4653,0.488,1591,1953,0.815,721,2853,3574,1891,571,390,899,1360,8601,N,N,N,N,N,36
Los Angeles Lakers,2017,82,19705,3224,7164,0.45,730,2110,0.346,2494,5054,0.493,1397,1853,0.754,933,2636,3569,1716,674,320,1193,1698,8575,N,N,N,N,N,26
New Orleans Pelicans,2017,82,19905,3210,7130,0.45,768,2196,0.35,2442,4934,0.495,1368,1825,0.75,703,2879,3582,1869,638,453,1012,1490,8556,N,N,N,N,N,34
New York Knicks,2017,82,19855,3244,7256,0.447,704,2022,0.348,2540,5234,0.485,1364,1731,0.788,983,2723,3706,1786,581,455,1081,1668,8556,N,N,N,N,N,31
Milwaukee Bucks,2017,82,19780,3182,6715,0.474,720,1946,0.37,2462,4769,0.516,1413,1839,0.768,723,2589,3312,1984,666,436,1096,1660,8497,Y,N,N,N,N,42
Atlanta Hawks,2017,82,19880,3123,6918,0.451,729,2137,0.341,2394,4781,0.501,1484,2039,0.728,842,2793,3635,1938,672,397,1249,1491,8459,Y,N,N,N,N,43
Miami Heat,2017,82,19780,3202,7037,0.455,808,2213,0.365,2394,4824,0.496,1248,1768,0.706,872,2705,3577,1742,588,469,1033,1680,8460,N,N,N,N,N,41
Chicago Bulls,2017,82,19780,3169,7141,0.444,623,1831,0.34,2546,5310,0.479,1474,1848,0.798,999,2797,3796,1851,643,393,1065,1455,8435,Y,N,N,N,N,41
Sacramento Kings,2017,82,19880,3105,6734,0.461,737,1960,0.376,2368,4774,0.496,1483,1913,0.775,715,2652,3367,1844,627,324,1157,1667,8430,N,N,N,N,N,32
Philadelphia 76ers,2017,82,19830,3088,6992,0.442,831,2443,0.34,2257,4549,0.496,1393,1806,0.771,807,2706,3513,1949,692,420,1310,1793,8400,N,N,N,N,N,28
Detroit Pistons,2017,82,19805,3269,7282,0.449,631,1915,0.33,2638,5367,0.492,1140,1586,0.719,908,2838,3746,1732,574,310,932,1467,8309,N,N,N,N,N,37
Orlando Magic,2017,82,19805,3139,7133,0.44,701,2139,0.328,2438,4994,0.488,1309,1753,0.747,807,2734,3541,1820,580,396,1053,1584,8288,N,N,N,N,N,29
Utah Jazz,2017,82,19755,3033,6515,0.466,791,2128,0.372,2242,4387,0.511,1401,1875,0.747,771,2774,3545,1651,550,410,1060,1545,8258,Y,Y,N,N,N,51
Memphis Grizzlies,2017,82,19905,2984,6854,0.435,767,2169,0.354,2217,4685,0.473,1504,1918,0.784,886,2621,3507,1744,653,344,1019,1840,8239,Y,N,N,N,N,43
Dallas Mavericks,2017,82,19780,2968,6750,0.44,878,2473,0.355,2090,4277,0.489,1215,1516,0.801,647,2516,3163,1705,614,307,921,1567,8029,N,N,N,N,N,33
Golden State Warriors,2018,82,19730,3509,6981,0.503,926,2370,0.391,2583,4611,0.56,1360,1668,0.815,691,2877,3568,2402,656,612,1229,1607,9304,Y,Y,Y,Y,Y,58
Houston Rockets,2018,82,19755,3174,6906,0.46,1256,3470,0.362,1918,3436,0.558,1609,2061,0.781,739,2825,3564,1767,699,392,1080,1597,9213,Y,Y,Y,N,N,65
New Orleans Pelicans,2018,82,19955,3500,7241,0.483,837,2312,0.362,2663,4929,0.54,1324,1716,0.772,712,2924,3636,2195,657,485,1182,1570,9161,Y,Y,N,N,N,48
Toronto Raptors,2018,82,19830,3383,7169,0.472,968,2705,0.358,2415,4464,0.541,1422,1790,0.794,800,2807,3607,1995,626,500,1045,1783,9156,Y,Y,N,N,N,59
Cleveland Cavaliers,2018,82,19730,3311,6950,0.476,981,2636,0.372,2330,4314,0.54,1488,1909,0.779,694,2761,3455,1916,582,312,1091,1524,9091,Y,Y,Y,Y,N,50
Denver Nuggets,2018,82,19880,3338,7102,0.47,940,2536,0.371,2398,4566,0.525,1404,1830,0.767,902,2748,3650,2059,627,404,1175,1533,9020,N,N,N,N,N,46
Philadelphia 76ers,2018,82,19780,3349,7098,0.472,901,2445,0.369,2448,4653,0.526,1405,1868,0.752,893,2996,3889,2221,682,420,1301,1811,9004,Y,Y,N,N,N,52
Minnesota Timberwolves,2018,82,19805,3365,7063,0.476,658,1845,0.357,2707,5218,0.519,1592,1980,0.804,848,2593,3441,1861,689,345,963,1495,8980,Y,N,N,N,N,47
Los Angeles Clippers,2018,82,19705,3302,7004,0.471,777,2196,0.354,2525,4808,0.525,1556,2095,0.743,832,2766,3598,1832,628,373,1154,1638,8937,N,N,N,N,N,42
Charlotte Hornets,2018,82,19780,3197,7106,0.45,824,2233,0.369,2373,4873,0.487,1656,2216,0.747,827,2901,3728,1770,559,373,1011,1409,8874,N,N,N,N,N,36
Los Angeles Lakers,2018,82,19905,3338,7248,0.461,822,2384,0.345,2516,4864,0.517,1364,1910,0.714,876,2927,3803,1949,633,388,1256,1736,8862,N,N,N,N,N,35
Oklahoma City Thunder,2018,82,19830,3271,7221,0.453,881,2491,0.354,2390,4730,0.505,1421,1985,0.716,1024,2671,3695,1750,743,412,1102,1653,8844,Y,N,N,N,N,48
Washington Wizards,2018,82,19855,3275,7018,0.467,814,2173,0.375,2461,4845,0.508,1378,1786,0.772,823,2713,3536,2065,645,353,1152,1746,8742,Y,N,N,N,N,43
Brooklyn Nets,2018,82,19855,3136,7114,0.441,1041,2924,0.356,2095,4190,0.5,1428,1850,0.772,792,2852,3644,1941,512,390,1167,1688,8741,N,N,N,N,N,28
Milwaukee Bucks,2018,82,19830,3257,6807,0.478,718,2024,0.355,2539,4783,0.531,1499,1915,0.783,688,2579,3267,1905,722,443,1078,1752,8731,Y,N,N,N,N,44
Portland Trail Blazers,2018,82,19755,3222,7132,0.452,845,2308,0.366,2377,4824,0.493,1372,1715,0.8,835,2893,3728,1599,573,423,1067,1599,8661,Y,N,N,N,N,49
Indiana Pacers,2018,82,19755,3345,7083,0.472,741,2010,0.369,2604,5073,0.513,1225,1573,0.779,788,2684,3472,1819,721,340,1047,1544,8656,Y,N,N,N,N,48
New York Knicks,2018,82,19830,3334,7193,0.464,673,1914,0.352,2661,5279,0.504,1225,1557,0.787,859,2752,3611,1912,552,421,1164,1682,8566,N,N,N,N,N,29
Utah Jazz,2018,82,19755,3139,6797,0.462,887,2425,0.366,2252,4372,0.515,1375,1766,0.779,740,2807,3547,1839,708,420,1155,1608,8540,Y,Y,N,N,N,48
Boston Celtics,2018,82,19805,3141,6975,0.45,939,2492,0.377,2202,4483,0.491,1308,1697,0.771,767,2878,3645,1842,604,373,1092,1618,8529,Y,Y,Y,N,N,55
Phoenix Suns,2018,82,19705,3153,7141,0.442,763,2286,0.334,2390,4855,0.492,1453,1962,0.741,842,2776,3618,1743,569,370,1235,1807,8522,N,N,N,N,N,21
Detroit Pistons,2018,82,19805,3208,7129,0.45,886,2373,0.373,2322,4756,0.488,1207,1621,0.745,830,2756,3586,1868,628,317,1046,1508,8509,N,N,N,N,N,39
Atlanta Hawks,2018,82,19705,3130,7015,0.446,917,2544,0.36,2213,4471,0.495,1298,1654,0.785,743,2693,3436,1946,638,348,1230,1606,8475,N,N,N,N,N,24
Orlando Magic,2018,82,19730,3182,7042,0.452,844,2405,0.351,2338,4637,0.504,1271,1678,0.757,722,2692,3414,1921,622,400,1143,1579,8479,N,N,N,N,N,25
Miami Heat,2018,82,19930,3184,6997,0.455,903,2506,0.36,2281,4491,0.508,1209,1601,0.755,763,2801,3564,1862,620,437,1118,1648,8480,Y,N,N,N,N,44
Chicago Bulls,2018,82,19855,3170,7285,0.435,906,2549,0.355,2264,4736,0.478,1194,1574,0.759,790,2873,3663,1923,626,289,1090,1571,8440,N,N,N,N,N,27
San Antonio Spurs,2018,82,19730,3202,6999,0.457,696,1977,0.352,2506,5022,0.499,1324,1715,0.772,849,2777,3626,1868,628,460,1040,1408,8424,Y,N,N,N,N,47
Dallas Mavericks,2018,82,19805,3128,7042,0.444,967,2688,0.36,2161,4354,0.496,1167,1530,0.763,666,2717,3383,1858,578,310,964,1578,8390,N,N,N,N,N,24
Memphis Grizzlies,2018,82,19705,3013,6788,0.444,758,2152,0.352,2255,4636,0.486,1361,1732,0.786,779,2544,3323,1767,613,396,1182,1900,8145,N,N,N,N,N,22
Sacramento Kings,2018,82,19755,3179,7063,0.45,738,1967,0.375,2441,5096,0.479,1008,1371,0.735,777,2578,3355,1768,643,340,1083,1639,8104,N,N,N,N,N,27